連結,來源
https://news.google.com/read/CBMi2ANBVV95cUxOR2FZSWExYmNZUG8za2ItQy1WU1V3RndnVWoxYUNnSGpwd0ptLW1RcmIzMnY0Yno0aTcybmFUZkdCM3NIa2RGckx4RUZDU01uUVp2dlFaZVdibk9hUkMyanNMcG1QUkZZQ3FvR2h3RWhjTXRTMlRtZ0Yzb2pzbkVRYWRySEJoSG9hSWNfX2ZTY3E3T2hNYk02VDJNeFRCeEl4VUtCRTJZaTNDMmFELXkxY0E0SzNuSGdtMTRPVDkyYjd0eXRYRHE3SVNZWUN5T2xvN05WVHlWR3BibjAzVHFMWTBZN3ZWR1VmcWFaVVZFbVI5UlFIRWUwc0hraTdocC0ycGRZTy05dlU2Sktsb2p5Q0g2SFFFU28tODhuV3l3ZnFsX3BiaHlxYmdLYjQxNWtxYUUzenktb1pkSkEzOXlDbTdOdUtqS3I3QnFYQXh5dUNnZC1IdzJIeEtlUW1XU2xrSnZhZGRUMjNxdmxFRk5nby1zTkRZYVpkMUFnaXl1YjY4M2lHWjVqamtTeEJISExPRkRVUlVZYzBqUkhYTXBqMWp5dEVZeFNGajNEMlhoTDlLemFscHhjWjVsSXQyYms5cUZYbVhFNGVLZ2lrY2htN0J0WXpJY3p0?hl=zh-TW&gl=TW&ceid=TW%3Azh-Hant,Yahoo奇摩新聞
https://news.google.com/read/CBMiWkFVX3lxTFAzQXVCRTNXUExTWUx0empvYTVpb2l5VzBpVk9TSGZLQl9WNnRfS3M0cUF0UXNIZGg0dzBpb3ZsZDNENHM0b0poNV9zcUZnendrZ3lyS0pYU0d6Z9IBX0FVX3lxTE9xVXpPdjM0R2d1LTE5TzNWSE04OW1GSDVZTW9RdWd3N2MxcnZtYU42eUVwZW1abUZmdHdQNXJOblJub0dPSWhXdWhpbDVHM0JzQmxXZDJxbjRxMWJtbUJB?hl=zh-TW&gl=TW&ceid=TW%3Azh-Hant,經濟日報
https://news.google.com/read/CBMiWkFVX3lxTFBGZXh3djBJQTI5eXBkdXJOa0ZiOE1RQmNnX3dOZno3bGxOMVFLWTZhUExSMlktdjBrbUlDcFBaYjdVYlhwRkpEZjlJdGlCeXFra2dwazBxNjQ3Zw?hl=zh-TW&gl=TW&ceid=TW%3Azh-Hant,Newtalk新聞
https://news.google.com/read/CBMiWkFVX3lxTE5TYUxuWWNsa2x6V0xXTWwwWWQ1MlhFM05icTFGaV80ekx1clI3elBXUGR5QU9xaFczRUtIX1RuX3ZqTmd5bTQ2bXFac2tkQ04wUE9IOXZYZHRZd9IBX0FVX3lxTFAydHJPUEtuYkRON1JseDZsQnEzdlh1V25VT3JjeXRMUTlKeVFmeHRSekE3OFhsbU9ZalJGSWVfSmptcWtnTzVyUzM5R3FxeGd4Nm9oTTFXUjM4dlhVck5z?hl=zh-TW&gl=TW&ceid=TW%3Azh-Hant,經濟日報
https://news.google.com/read/CBMi4wNBVV95cUxQVDdvV081ejJfdlh1UTFUakNHSk9uclRBTU9MSC1PUGVULTlaS0hHblVFSWlkQUdUenlnU0dKWnhjNnpCNnJsTUN5UE1ZQUdSNnYtdFQ1b3NHZllaOXBCTmlwMmtqc3llNkZLT2U5XzQyRzVmN0lfSzZtT0lBei1Rb2VPUjN6cWlxT1ZnOTZlbzZ3T3JWSDIyeGM3dzRYTG95bUFkQ0VnZ19TN1JIU3FwWHdWdnVhd3VxSF9yY3BnU1FuOFo5OXQ0b3ZuMFlaR3RIenBnckU4dUh4SDIwTFVPZ0FaWUI4VW5kREFPdXVfVV9ZREJ6NlF5T0NETGlNay1mT3U0ZWxzd3RCekdvTEJITTRmdmNRUmJRdUxIQV9nVGJ6OEU2UXFrZjI0NS1CV01wdVYweXJTbHgyVnZTUlRVVGl3bElLVDNUQWlzWHZBYjFkWHdEanVNT1Nqa3JfMHBOc0tZRWdPV2E2dVpyNThRdXcteVJTNEFibHFYWndBZlE2MG1xOGJNWFJuLTU0dXczM29EZG81eWZpR0FnOHhuSjNUb05MS0dhQnQtY2xDVUZNb1RYd0JZSVMwQ013QktKemRHVWt1VmRWTWQ4SDZMam5uWEVEWFVSSGtIUlU1cFhyMjg?hl=zh-TW&gl=TW&ceid=TW%3Azh-Hant,Yahoo奇摩新聞
https://news.google.com/read/CBMiWkFVX3lxTE9kSmcxRUtBZnZmU2N0NGdPSVppcVk1X092ekhsTFZKX0JxWFQxU1V4anUyN3NKcEVQMm5YQUVsUjNwamF2NTNqRnFEb0pfWldndjlLQW5Ic0loUdIBX0FVX3lxTE5UalFuNHVuNXJpOGJ2ZGxEU2RadTdCbUdlRHhNZnNPeWotXy1pOWUxdnQwNExxNVQ5Rk5jVGxzaDQyRFl0SWp2Q1EtRmZpeHBMbFllMEhndTJ4ZU9pNmM4?hl=zh-TW&gl=TW&ceid=TW%3Azh-Hant,經濟日報
https://news.google.com/read/CBMiWkFVX3lxTE5pU2xpWGlWQ1c2ZlhUVE96Zm9oSk1PNjNFZ2xZTVhEaU5kUnF1SWxHUlMyVFB6MlEyS3FOSWdpTTZmdGE3cTMxaGJBb3dITGp6TExZbFc0WU5mUdIBX0FVX3lxTE9sQnVudFk3UG9sWnN5bzZjWE96WkhLMjI1bXRsand6ZGtOb3FoYmoxRzZLbGhPQ215T1lfMW5aQUdRWTdETUMzX1oxLW5mRXdUcG1tYW56ZjhzTUpRNUhV?hl=zh-TW&gl=TW&ceid=TW%3Azh-Hant,經濟日報
https://news.google.com/read/CBMiWkFVX3lxTE5JVU1uYjR5SGdWajNncEdOdTlOZGtCV0xaai01aVR2ZmR3dEFQNkNFNlhpN014UGVWTzExdTVWTmZSRUM3MjRYUEpGRGFvSE92OWtUX2h3bGIxd9IBX0FVX3lxTE5KNm8yUm1Fd1NSa0QxUmRXYl9mUWhmVFBuRWtob2RqT2VETFptMEtINWFZV0VyZzhUSVpJWkZfa190bWNod19qazFOaGdndkVaSmRuWWpROEpvZVhpcVdn?hl=zh-TW&gl=TW&ceid=TW%3Azh-Hant,經濟日報
https://news.google.com/read/CBMiWkFVX3lxTFBJbHZZeENVOTlKOHZhUkNFckFfX1V2U1lqYjFmUnZrNEJia0xZTTM4NnBfQktZWDIwM29Hd0k4OG5ka3dNVUxrNHU0cmxtVEl2XzNFdFc5TVZJd9IBX0FVX3lxTE5OVWxoblZBZ0NqRm5kNUFaMXBYUVVQaDRvc1d3UGt1cEVVUWxsa1QweEp0Tk1fWDVmUTRHeGs2X1BhSWotaE1pd0ItZGxybURKRWRiYldZbC1pUHZkWnVB?hl=zh-TW&gl=TW&ceid=TW%3Azh-Hant,經濟日報
https://news.google.com/read/CBMiWkFVX3lxTE9wNGJNeFo0TUpaeHFWRndQYXpjbUY2OW8wQmhGVmZVOG5EOWdDbVl1eTV5LUFuU1FsdFRHdnY0V21YeEVPVmM3eTVMX2hmRUNOblBhcTNuaXFUZ9IBX0FVX3lxTFBJUkI2Y19BV1lXTTFYNEhBbEF0QlFSVWpfMVAtRWxGbk1OQkc5cWZzYWt0cFhyWE1zUWRTRFJOUldCZ3FqT3FPU2QzNnd5OWdqdU15MmlRNDl2RklNWmpR?hl=zh-TW&gl=TW&ceid=TW%3Azh-Hant,經濟日報
https://news.google.com/read/CBMiWkFVX3lxTFB5anNoM1o0WVR3ak12T3J6ZS1fdGVVNG01bVVDU0p0cFNoVldfRmdheE5JdEp2VmJ5aTA5dVdVVFFkOUlocjNINFdNSV9FSWktdWlIWVpYQjlYd9IBX0FVX3lxTE9Lay1qdWt3RVFYYjlCX1RpY1hpaFV2ODNrMmQ5aFB5YVduT0pwMFduUGdhYjduUzZVV3VVUkYxc2EzbEFRU1REblpibjZmSlhVV1Vjc2FHVkE3T2FYcFBN?hl=zh-TW&gl=TW&ceid=TW%3Azh-Hant,經濟日報
https://news.google.com/read/CBMiWkFVX3lxTE44Y3JWMnVGczFyaE01d0hoSFM5WkZQSUVmUUNZQUlMTjZqVjVQWmJLQTdDa215Zm9waWhFZ2tkbHdILUhXRVVtVEdLa2xadlBZN2J3bEdvN1JLUdIBX0FVX3lxTE5kVklRcjc2TVQ1ZV9BbTAtY24xWnVsRGEzaFNGZGxvUDA4bS0tQUlheFg3U2NZOFJrVkQ0dUdDcVZJTmpKVXdaX1NubEItUG5Ickg3dU4yWU9lOTVMUTk4?hl=zh-TW&gl=TW&ceid=TW%3Azh-Hant,經濟日報
https://news.google.com/read/CBMiWkFVX3lxTE5lUmNLZ3ZTdEhKV2VaMFRuREdpRGxxMU1QNUI5a3E2UGNNNnQzYk4yMHR1N2tfRUwyMzlLcW9FUUpvS3B1bVRJWlI1SHBiZ1dNalAzb2pydWpEQdIBX0FVX3lxTE0tRDlCMWhWX2NaNTVHbkRXcnVJVC1HeVZrNXFGaGNsbUoyV2V5YVJRZkhVLTU4bDVOLWJCaHgzM0J5dElRRzJYSXVaNkl6Zkt0b2NDZXhHX0hlSmlMbUUw?hl=zh-TW&gl=TW&ceid=TW%3Azh-Hant,經濟日報
https://news.google.com/read/CBMid0FVX3lxTE5uYWdjYV85RVVRUGhhWjlvT3dtbENkMHpTcUtfQUs2R1Y0cDltT0ZxUlgtZ0FyN29BT1VFeDVtMjlxSi00TG5xbHVFVmFvcjAtYW9CblBESkdwTndaaWMzaUtsOUhtS3g3QndzT2E0Qm1YNW5QbDBr0gFfQVVfeXFMUDZqV0hlZmwzWDVxV1duUkg4VnEyeXBnVkg0aEFhMVFBd01odVhrcm9Ea3o1ZnBIQmw2cTl1SHlYbkhTcWZnYWo3U0ZkREc2S3JMaGttajRGVklaTmtldEE?hl=zh-TW&gl=TW&ceid=TW%3Azh-Hant,經濟日報
https://news.google.com/read/CBMiWkFVX3lxTE90eHdfQzR1X194c1k1LTlOajNINEVuSUNXaUplb21reVFkUERoYkZmX3YycjJXU3V0VVZuejNkczJIa0xxeXNpQmlHNEZmUjFhZGNhSTNHeGh4dw?hl=zh-TW&gl=TW&ceid=TW%3Azh-Hant,Newtalk新聞
https://news.google.com/read/CBMi3gJBVV95cUxPbGZCaThyRWRSdGJhOGtxb0RXamtDajRSWE9CSjU0U2JQVWFvOEhVZ2p2LUxzQnY5ZFV4Q2dMUkJOOEZFTmtvUkNLODA2dTBnQ21Vb2JIdFVWd1BhczB4WU1XZ25HTnpNZ2V3YkdzMXdVZXVBLThaalZXRXZIODMzWkVzaXd1S2xiTGZLYldnMEtVeHVFTTNPYTNraXRTdGduVFhyOG0ydUFYNTRRV0RQY3YtaDJxOGhHNEFOVEhxUWRXcHFzX0JpalZOQVJCTVNGTXNBR3BqOHk0QkQ4cHRkZlhBYkQ5YXU2anUyMC1OZmQ5d1JWQVloV1FGdml5TzlneTVNWm5QOTdRY1c4ZUNHb3FyTmxmR3k5cl9ROGFxWkMtTEoxbWl0RnhFMVc5dzNKUG1UZ3lyUTNZeWY1Y1d0VEk4dVNNYkp5em02Zml2OUExbUs3V1otZUdNU0hDZw?hl=zh-TW&gl=TW&ceid=TW%3Azh-Hant,Yahoo奇摩新聞
https://news.google.com/read/CBMiWkFVX3lxTFBZRVNieTFUbExETDlEYUNwM2dIclBQSEJLdlVXSWN3LXVoMnN0YWJ4dGpkWDZKSl9RVzFYb3E1TUo3YVVaUlctM245OVdrQ1BsZnFxMzhscmJTdw?hl=zh-TW&gl=TW&ceid=TW%3Azh-Hant,Newtalk新聞
https://news.google.com/read/CBMisgJBVV95cUxOVnZjdDRlNFY2RzlvOEVESVZYUzNLZXB4TFhwV3FLeFB4dXVkaFUyZlpKMF9LRWczNnJDdW5vcUJNc3NIeVNwZVR6ZzFpU2dKNnNvWkhtRXR5ZlhhbEs0SVlMekRMdzliX1ExbkxlSzJTUXpHd3I5aXdZRUU3ZmprS1NQSi1uWFV6QWtCNWtubVVEd3FrTDRnN3N2QXB3RDN0SjNVd2RzMy1lMTM2T3N5eXNFSVRoanVwX0RsS2dKSHFKLXFsV0FPN0JPMlppb2lLZjRMSVlraVdSM1FxR1YxSXh0X1hKTVN6bWpWNXJDb1J6S0Q1Ml84WHE5ZWhPaGw4UzVhZ09XS0ZwQnhYR014MF9oVExmb1duNWQxeVYtMDFlVzJYZlNjRVVFWG93VXo2ZVE?hl=zh-TW&gl=TW&ceid=TW%3Azh-Hant,光明日报
https://news.google.com/read/CBMiWkFVX3lxTFAwN2JVTU1YWGtRdVBmaV9iUVpxeHNpdU1sczBLVnJHeTlnc3dvZlh3LTRTMm1kTzFtc2o3eU5WaHhVeE8zTTBtbXlPeHhKX1N4TzlKMFZGLTJvZw?hl=zh-TW&gl=TW&ceid=TW%3Azh-Hant,Newtalk新聞
https://news.google.com/read/CBMiWkFVX3lxTE1IWlJfazVuazk0REk0aXNkTXMxdmdoMFNEN0NaQUVUWnhvc25veXU5ZHAtdWo1dTV5SklCMkw0YnBTN2lTTW1DM21BMVE4VEd0SnVLeUlTY3pvQQ?hl=zh-TW&gl=TW&ceid=TW%3Azh-Hant,Newtalk新聞
https://news.google.com/read/CBMiWkFVX3lxTE1OejBvdkF4MWM4ZTNBbi1XdTMteGJPVGxMM2hKLVhCVkJNVWl0bXFySERTMGZJQ3U4Vjc0dUJsREpKVm1zaVRIN2VIcGpQQkNqQW0xNkN6ODh2dw?hl=zh-TW&gl=TW&ceid=TW%3Azh-Hant,Newtalk新聞
https://news.google.com/read/CBMimgJBVV95cUxNLTE3X3JzMHRLblNoYXVNNG56NG1VbWhvYUUwR24xRG9yM0NwMjlwR0o3SThzeFFFb3VzTnllUFB6THJLREc2U2I2NHF2QzR1bnBCTVVVZzlqc2s4ZEpjSjJhUTNOZnJXNWFTTkZiaWcwT2N4dHprRFJleE1JTmVCOEFOaFdhTFdHdVh3U0tBSXFRcFhZNUVXTHh6b1dkZnJzanRhdUt6Tk1Bb1owc29JS0NWdDNORlVJWHBVVF9tNUM2VGc2MExVczFqT2ljcnVfYVF3UkQtaDM1c3FOdEpXZDF4WmFzblJTWVFVUm1zam1uYkZkNzVhRlE5eFJMMEtmNjVWeG1vVlA2T2JFWXV2YndrNzlCMmRkWlE?hl=zh-TW&gl=TW&ceid=TW%3Azh-Hant,Yahoo奇摩新聞
https://news.google.com/read/CBMiWkFVX3lxTFA3djU5OHBpVk5US2ZPN3pRVEVoY2F3TWVVTW9zSUZJbzd0b0hvaEtMSTRtRUxQQkY3MkU3M2VsMUNVOTNXM1pCaS1PYkFwQnRMR2ZvQnJKc1YzZw?hl=zh-TW&gl=TW&ceid=TW%3Azh-Hant,Newtalk新聞
https://news.google.com/read/CBMiWkFVX3lxTFBsaDFfR25BRHFELURZNFdoSVpSS08zcWxwb0VEWnZMMjRjaE5hRGM3MXZZc2ZQLURSaW1OMUV1T3RIMnAwRkJwWmZVVmRvdFRCd1pkVkxuRDdpUQ?hl=zh-TW&gl=TW&ceid=TW%3Azh-Hant,Newtalk新聞
https://news.google.com/read/CBMiwAJBVV95cUxQSnlvTEJSVzhMNE1PTHBzRVNpb1FtU2pUbHBiMzJ6YXpFX0l5azdXMFcySzQxRlhfWnE1eUhmMVZzUWlFM2dmMUdtdWRlUVFSeDNCZ09BUE5GN2ZUam82SmRtbjdpSHpZZnVSNXFQaGdrX0dubGU3ZUpGQWRoSXBhZ3NnaEZyaHpfMVg5emlTazN3MUg3ZWhnbC1mUUJyT2R1NDNDTkpQUjdNNmYwYjd5SS1ETXBTOEFPaThZT29iZk03ZmRIQnA1SVkzZkhTQU9tMExsbDY5MERhUFRSb01Dd0VGdDlsbTg1WDItTWJKMHBnUUpoS0QtX0haMkppdERmelVjX2Z6eXgzRnNNeTRFOVhhQzdOdlBzS2U4X3hHRzV3YkZQMDhnSWwyYzBRYWk2Y1ByWlRnd210U2RMdDZwMQ?hl=zh-TW&gl=TW&ceid=TW%3Azh-Hant,光明日报
https://news.google.com/read/CBMiwwNBVV95cUxNVW1VTC1xTWxVOFhpZHZSV3lITzNBTjN4dnRNYmdmQ0gxSV9jMExhTE92UWRkcktMT0xmbFlmcnNPU0hTbml5MDVBSDd6RFBKTk9TN2hYZW5rODRoZG1YaTkyajFHN1RqNzlKUUR0clVYZFVpMnVkNUtWVWtKV2pKTTV1SHFEZXk1UUtCSkF5MXRwV2VWdThBdjdaenRkUnhSVENGR1FqSWJMSHJDQkxwd1d6MjNDbkJlalZVcDFhWnAwV1hrU29lTkdrYnRTNV90Y3ZpUHZZMDFROEk3N0pXSXlLTzdVeHdSb3B1VWsxM1Y2b3FzTEJuQzQ1SXc0SUo1elhrRi16U3ViS05jVFh1Zmk5QnlHZmI5dmZBbmJtYlBrUGVVaS1zdmg0SkVJazRLdU5PaVhrOXp1Ymo0Skp2RlQ4dTlnTXhzckJrOWplUjFYXzBpRlhtWmZZeWU0TUc3MWJVc0VPbHE2YUhXY2ZmWmtkb0laUDN0NlF5V3JVTWpkSnQtcDlRRGFsTWRscDExTzhRc2VQelhDNlJOVy1YMHN0ZTNHZFVIbGNSNW5OZl9sZEJZS2thOVJ2Z01DWkZmeEFN?hl=zh-TW&gl=TW&ceid=TW%3Azh-Hant,Yahoo奇摩新聞
https://news.google.com/read/CBMiWkFVX3lxTE1NNEducFcyZlM1MTdZbmxPMGVncTRIdm1obnNfNzFBTzlxbEFHZjBWbWVXRjNIUnNOcHN3N2o3dzI1Y1JQQVJOVkpNN1JjTkpxMzFZWFNLQlFiUdIBX0FVX3lxTFBqRDVxLTRXb2gtSFVLbWczRUYxdWphLVR3OTFmZDRnU01UN2lfdnZvOTMwQjZFOXY2d0JBQkRsYklHbnZ0OEx0cUhBa1NqOF9HcU15UmxxRTlnZDc1d1dn?hl=zh-TW&gl=TW&ceid=TW%3Azh-Hant,經濟日報
https://news.google.com/read/CBMisgJBVV95cUxOVnZjdDRlNFY2RzlvOEVESVZYUzNLZXB4TFhwV3FLeFB4dXVkaFUyZlpKMF9LRWczNnJDdW5vcUJNc3NIeVNwZVR6ZzFpU2dKNnNvWkhtRXR5ZlhhbEs0SVlMekRMdzliX1ExbkxlSzJTUXpHd3I5aXdZRUU3ZmprS1NQSi1uWFV6QWtCNWtubVVEd3FrTDRnN3N2QXB3RDN0SjNVd2RzMy1lMTM2T3N5eXNFSVRoanVwX0RsS2dKSHFKLXFsV0FPN0JPMlppb2lLZjRMSVlraVdSM1FxR1YxSXh0X1hKTVN6bWpWNXJDb1J6S0Q1Ml84WHE5ZWhPaGw4UzVhZ09XS0ZwQnhYR014MF9oVExmb1duNWQxeVYtMDFlVzJYZlNjRVVFWG93VXo2ZVE?hl=zh-TW&gl=TW&ceid=TW%3Azh-Hant,光明日报
https://news.google.com/read/CBMiWkFVX3lxTFAwN2JVTU1YWGtRdVBmaV9iUVpxeHNpdU1sczBLVnJHeTlnc3dvZlh3LTRTMm1kTzFtc2o3eU5WaHhVeE8zTTBtbXlPeHhKX1N4TzlKMFZGLTJvZw?hl=zh-TW&gl=TW&ceid=TW%3Azh-Hant,Newtalk新聞
https://news.google.com/read/CBMi2ANBVV95cUxOR2FZSWExYmNZUG8za2ItQy1WU1V3RndnVWoxYUNnSGpwd0ptLW1RcmIzMnY0Yno0aTcybmFUZkdCM3NIa2RGckx4RUZDU01uUVp2dlFaZVdibk9hUkMyanNMcG1QUkZZQ3FvR2h3RWhjTXRTMlRtZ0Yzb2pzbkVRYWRySEJoSG9hSWNfX2ZTY3E3T2hNYk02VDJNeFRCeEl4VUtCRTJZaTNDMmFELXkxY0E0SzNuSGdtMTRPVDkyYjd0eXRYRHE3SVNZWUN5T2xvN05WVHlWR3BibjAzVHFMWTBZN3ZWR1VmcWFaVVZFbVI5UlFIRWUwc0hraTdocC0ycGRZTy05dlU2Sktsb2p5Q0g2SFFFU28tODhuV3l3ZnFsX3BiaHlxYmdLYjQxNWtxYUUzenktb1pkSkEzOXlDbTdOdUtqS3I3QnFYQXh5dUNnZC1IdzJIeEtlUW1XU2xrSnZhZGRUMjNxdmxFRk5nby1zTkRZYVpkMUFnaXl1YjY4M2lHWjVqamtTeEJISExPRkRVUlVZYzBqUkhYTXBqMWp5dEVZeFNGajNEMlhoTDlLemFscHhjWjVsSXQyYms5cUZYbVhFNGVLZ2lrY2htN0J0WXpJY3p0?hl=zh-TW&gl=TW&ceid=TW%3Azh-Hant,Yahoo奇摩新聞
https://news.google.com/read/CBMiWkFVX3lxTFBJbHZZeENVOTlKOHZhUkNFckFfX1V2U1lqYjFmUnZrNEJia0xZTTM4NnBfQktZWDIwM29Hd0k4OG5ka3dNVUxrNHU0cmxtVEl2XzNFdFc5TVZJd9IBX0FVX3lxTE5OVWxoblZBZ0NqRm5kNUFaMXBYUVVQaDRvc1d3UGt1cEVVUWxsa1QweEp0Tk1fWDVmUTRHeGs2X1BhSWotaE1pd0ItZGxybURKRWRiYldZbC1pUHZkWnVB?hl=zh-TW&gl=TW&ceid=TW%3Azh-Hant,經濟日報
https://news.google.com/read/CBMiWkFVX3lxTE9DUGd4dFdFOXpnMzBaek1LRVktMlczM2tLR3g3dkZZLVp4eFp0eEJONDZHWUtscnJpaWhUUktzTXg5d3pVQXVJRUhUVU54RmJkNDZIYXd4MXl4UQ?hl=zh-TW&gl=TW&ceid=TW%3Azh-Hant,Newtalk新聞
https://news.google.com/read/CBMi4wNBVV95cUxQVDdvV081ejJfdlh1UTFUakNHSk9uclRBTU9MSC1PUGVULTlaS0hHblVFSWlkQUdUenlnU0dKWnhjNnpCNnJsTUN5UE1ZQUdSNnYtdFQ1b3NHZllaOXBCTmlwMmtqc3llNkZLT2U5XzQyRzVmN0lfSzZtT0lBei1Rb2VPUjN6cWlxT1ZnOTZlbzZ3T3JWSDIyeGM3dzRYTG95bUFkQ0VnZ19TN1JIU3FwWHdWdnVhd3VxSF9yY3BnU1FuOFo5OXQ0b3ZuMFlaR3RIenBnckU4dUh4SDIwTFVPZ0FaWUI4VW5kREFPdXVfVV9ZREJ6NlF5T0NETGlNay1mT3U0ZWxzd3RCekdvTEJITTRmdmNRUmJRdUxIQV9nVGJ6OEU2UXFrZjI0NS1CV01wdVYweXJTbHgyVnZTUlRVVGl3bElLVDNUQWlzWHZBYjFkWHdEanVNT1Nqa3JfMHBOc0tZRWdPV2E2dVpyNThRdXcteVJTNEFibHFYWndBZlE2MG1xOGJNWFJuLTU0dXczM29EZG81eWZpR0FnOHhuSjNUb05MS0dhQnQtY2xDVUZNb1RYd0JZSVMwQ013QktKemRHVWt1VmRWTWQ4SDZMam5uWEVEWFVSSGtIUlU1cFhyMjg?hl=zh-TW&gl=TW&ceid=TW%3Azh-Hant,Yahoo奇摩新聞
https://news.google.com/read/CBMiWkFVX3lxTE4wbTdOV241QmJYaGN0VzZFWkFhLTBtNG9vcmJHWGJ2UHNLajZfNUJfZHBPX1hhUlRIS3NwU3J4b01QV0NuQmNyZnVFMG9Lc1hMeVRic0pEQVp1Zw?hl=zh-TW&gl=TW&ceid=TW%3Azh-Hant,Newtalk新聞
https://news.google.com/read/CBMijwNBVV95cUxNN3B1R05DYW4wSUdmQy14bkQ0cGJHZVFYYlpBZnNzRjRJTk9yb2tkbDZRYS16bVBuSEhvWmN0MEhKVmFvWHJVdXV1V2VSU1JFSnpFLWFRams4ZzdfdWh4RjMtVDRwZkhaTEVrMG1OMm15NFFHanNDMWFVVHVyVFp0N0ZIVE5iT1ZucmhPZFN4SzFTY2d3ZDh5OWZJbXJ2VnM0SEp3SUpBeDZYX2pDUGVQZ0t3aWp3Q21qQmdkdGw5YUxvM2hteGZ2QlU5SjJrcFZIVVZoX09BejlKRjdjV1o3bllSSDhIZjQzeDgwaEZvUGdid19kU2M4NWlxS1NfQ2EteDJsdnNVRHAtWUxWdlA4dThzU0FaOGJHdi1zRF9HRDFLenM5UVVYU0xoWEdtaUdkWVpza3VTVFV1ZDM5QnNaTG9GQ2xvcFB1ZlA5QlhBMHN5ZHNfdGFYLXc3aWRuUlB3TkdvYnpGc1h6cWUtTmx6d2U3czJldkg5eWRJMkJMczdGYTJwUkk4anFjZjdrSG8?hl=zh-TW&gl=TW&ceid=TW%3Azh-Hant,Yahoo奇摩新聞
https://news.google.com/read/CBMixwJBVV95cUxNRTBfcWpkOHZsdFJ3eU40TEtfbG80UlduNDhncGVWZC1EdDhlVjl3RjAwbDlTZEJQS0lYRk5HT3VYSWdTdDdIV1pMd0MxVXBTTmQ5bjJTcUFTb2lqcVBLRzQ1LU9JanJNcERrenNFcURmSURiYlF2V1RzTE1QM0d5cVJ6U0JRV1Z2M0poTFhhQlZWSWUzUi1oWlc3NVVWclVfM1MyQVZRNllwQmhZWUxnd0FCY1FRUzh2Vjc3Z3dDczExNmRRaVBkRm9jQ0VRdEdHREVrakdoOXlWVm82VG9EMGdhcXlSWUZZVnJDd29JMkoxYl9POEk1aUlrX2tiandOeXFvMC1tQ0dmSnFpWHF2MmwwSUVDaGIzckxqMk5vMllxczhrN3ZBNGk0a21Za3I0OHFocWNrMTdvbkZOSUNaajRiTnpFUm8?hl=zh-TW&gl=TW&ceid=TW%3Azh-Hant,Yahoo奇摩新聞
https://news.google.com/read/CBMiywJBVV95cUxNNWg3LS1ra3NrXzNyQ3gwbzZ2emdJNHowZXJkWlVmRXRRTDQ1UlI2dUI2eDg4RkhYWWZMczFTY3dDaVN1cnFpczBQZXJlVkFmTENZRE1GRFBhaE5aQU41SjlMdV9wQ0lmSWUxNXBPVy1uT205dWdUUHF1Y3RyTEltQ2RCR0c0SFRTZF9uLWpYLUpUdG5tWmQtMmhMZHFYRXNmN1ZRbnVKYk5ybE8xc1hZd180ZkFTOXJIRl9yOGl1dm5mQ2NraGE3WmhoaTFLVVJMOGdmcnV3S2hOcEZ4Q3JPdjdwTE84eDVQNkpmc1piTFNSTTBaRnpvZ1V0ZGdqUzFHNUpUQXJZbFZUU2FYNHo0T01DQjhNRlB4WlZfVzRGOXQ5SmxGZGRNOTctRDlLQmx1VHBLOWphNFZRZ1dVUDRxRlgtb3VGTkRkbGs0?hl=zh-TW&gl=TW&ceid=TW%3Azh-Hant,Yahoo奇摩新聞
https://news.google.com/read/CBMivAJBVV95cUxOYW51SmltcTlwUGJyaUpHdURmc3JjSWRrcHljODlvalVaTG1xa0YxN0dhM2hPZkFNd1YxLTZaQW9hY045MmxnVFhYOERwcWFMZFZ3WnpJMXpPNkFBQl9UYy13NHZETGtKV3RfTmVQMzhQSDl0SDdtTnNvZVl1ZFVSb1JSaU56bF8wckFBREQ1cEcxRUFOZjBsTHI3Um5jS25wMmd6d0hjZldENUlSQ3hfX3gwZm5zSkJZdVB4cWRVOXJZdFdKUXRoOG1YcDRIbUhLWkRNWVgwZk5Fc0xYOGRDc1NlZU9SR292Z2l1SEZxTHJpTzY4cXNjb2loMlFJa0hwUzNfNGFEazNaVlhhaFJLd2R0aEpLcXJzakcyZC1WOUZjd1ZFVHhrUEQ3RnduRW41OGtDQmI5T2NNV3du?hl=zh-TW&gl=TW&ceid=TW%3Azh-Hant,Yahoo奇摩新聞
https://news.google.com/read/CBMiWkFVX3lxTE1mc3lKSk84YjdwbHVLOU1zRXl4elI1V3VGYzItQ2E0OVlfejZfY0w0YXBjRHBBQU44YlhwRmhBN0ktWmU3OHNPVU1XTmNjdDZEQUJ6ZmpSQjg3dw?hl=zh-TW&gl=TW&ceid=TW%3Azh-Hant,Newtalk新聞
https://news.google.com/read/CBMiWkFVX3lxTE90eHdfQzR1X194c1k1LTlOajNINEVuSUNXaUplb21reVFkUERoYkZmX3YycjJXU3V0VVZuejNkczJIa0xxeXNpQmlHNEZmUjFhZGNhSTNHeGh4dw?hl=zh-TW&gl=TW&ceid=TW%3Azh-Hant,Newtalk新聞
https://news.google.com/read/CBMisgJBVV95cUxPQnhRTndmNjlKaVFfZzFGc2VuX2hxS2pZdWt2R3JDQUZSQmgzMUltRWJIQXdMTnR1aF9FWktqbkhLaEM0OWQzLWM1U2xlOUkzdGVOdzRMWjFscXNBbDZvQ1hpdXhKRFhtVG5VTlYzVzJtUHRveUNHQVBkMmZmdFJMNjc2MkVlLTljVVUzN0g3V1k4YkJFQm9FeHRYZm5OV2dFalZEV0VxbUU1UkVXaTNUZU5Ob09zMVhDUlNPVXpQUnJYeTdtV0NuU1lRSHdjaDh6V3JyaWNmbTJEM2M5TlV4MzNBRktUT1JGY2pRZHZlbjE5cTd0MlBvSVlQWUxaUkN2X0h6Wmt2VzY3ZGhIQ3I3clgwc0xLTHBQMVBseUw4WXhnT3h4czA3am1KMFpUeGZnb1E?hl=zh-TW&gl=TW&ceid=TW%3Azh-Hant,光明日报
https://news.google.com/read/CBMiiwJBVV95cUxPaUtVZUwtTE1ITmdQNDktWm93VlgyZ0sxOEJzRDk4M0RNQWV0a0VETlBIQkF0RURNZ2hUVU8yd1dQOENUUGtVYTFPQ2FSUGFydExJRFpabkpvTVQtNVR6S1RjSE5oT1lFZE9GaUpSVVpod1puLVg3X0Fma09rSy1Oc3hyMUdhdjBXREdwN0xiQXJMVHJ1V3c3T01rdHV4WFdrWWRWb3JTUnZaV3hGczFQVExlZ3RkVnluNkp2Y0tqUzZfanVRdllXaUdyM1hpcWxJV2lCSVNwUlF1QkdrR19ZMmp2c0JLLW1fa1hvSEFUQnlzQmk3Nmo1WkxFTTdKYVBJV3JWOG1zbWxobEk?hl=zh-TW&gl=TW&ceid=TW%3Azh-Hant,光明日报
https://news.google.com/read/CBMipAJBVV95cUxPVXRQNmxZbFZ3STlkNlFJVlZMNlA3N0tLQ19aRGpkREpaWVBOVWo2WUxfclZVWFE4Qlh0Yi13b3JZaFJZVndPY2ZRb0Zpajdvb2wzdkttNUk4RGN1UkhMM3F2Uk5JREVXeEJGakxpUkRqR0hGT0wtY2pvelBzcUpySzM3em5KejVzYlpNeVg3Mmh3QWNLZk9uSEtMMXZGUVdaZVEwWlRNSkRvdlo0dVd1TC1lbUd4V3ZtdmlIdU1RR1lHU2VzMkNhMG9VTXl6dklDVll3MkI2Mnk5UWtEWUFmYWZWT0swQTJQTU9wQW5mTlE4OEZ0RnRsaThpZk9LTVFEZGp6SG1iRHp3MDRVTElzdjBWXzYwYVNQN1hOMFlrUmRIMzY0?hl=zh-TW&gl=TW&ceid=TW%3Azh-Hant,光明日报
https://news.google.com/read/CBMi2ANBVV95cUxOR2FZSWExYmNZUG8za2ItQy1WU1V3RndnVWoxYUNnSGpwd0ptLW1RcmIzMnY0Yno0aTcybmFUZkdCM3NIa2RGckx4RUZDU01uUVp2dlFaZVdibk9hUkMyanNMcG1QUkZZQ3FvR2h3RWhjTXRTMlRtZ0Yzb2pzbkVRYWRySEJoSG9hSWNfX2ZTY3E3T2hNYk02VDJNeFRCeEl4VUtCRTJZaTNDMmFELXkxY0E0SzNuSGdtMTRPVDkyYjd0eXRYRHE3SVNZWUN5T2xvN05WVHlWR3BibjAzVHFMWTBZN3ZWR1VmcWFaVVZFbVI5UlFIRWUwc0hraTdocC0ycGRZTy05dlU2Sktsb2p5Q0g2SFFFU28tODhuV3l3ZnFsX3BiaHlxYmdLYjQxNWtxYUUzenktb1pkSkEzOXlDbTdOdUtqS3I3QnFYQXh5dUNnZC1IdzJIeEtlUW1XU2xrSnZhZGRUMjNxdmxFRk5nby1zTkRZYVpkMUFnaXl1YjY4M2lHWjVqamtTeEJISExPRkRVUlVZYzBqUkhYTXBqMWp5dEVZeFNGajNEMlhoTDlLemFscHhjWjVsSXQyYms5cUZYbVhFNGVLZ2lrY2htN0J0WXpJY3p0?hl=zh-TW&gl=TW&ceid=TW%3Azh-Hant,Yahoo奇摩新聞
https://news.google.com/read/CBMisgJBVV95cUxPQnhRTndmNjlKaVFfZzFGc2VuX2hxS2pZdWt2R3JDQUZSQmgzMUltRWJIQXdMTnR1aF9FWktqbkhLaEM0OWQzLWM1U2xlOUkzdGVOdzRMWjFscXNBbDZvQ1hpdXhKRFhtVG5VTlYzVzJtUHRveUNHQVBkMmZmdFJMNjc2MkVlLTljVVUzN0g3V1k4YkJFQm9FeHRYZm5OV2dFalZEV0VxbUU1UkVXaTNUZU5Ob09zMVhDUlNPVXpQUnJYeTdtV0NuU1lRSHdjaDh6V3JyaWNmbTJEM2M5TlV4MzNBRktUT1JGY2pRZHZlbjE5cTd0MlBvSVlQWUxaUkN2X0h6Wmt2VzY3ZGhIQ3I3clgwc0xLTHBQMVBseUw4WXhnT3h4czA3am1KMFpUeGZnb1E?hl=zh-TW&gl=TW&ceid=TW%3Azh-Hant,光明日报
https://news.google.com/read/CBMijwNBVV95cUxNN3B1R05DYW4wSUdmQy14bkQ0cGJHZVFYYlpBZnNzRjRJTk9yb2tkbDZRYS16bVBuSEhvWmN0MEhKVmFvWHJVdXV1V2VSU1JFSnpFLWFRams4ZzdfdWh4RjMtVDRwZkhaTEVrMG1OMm15NFFHanNDMWFVVHVyVFp0N0ZIVE5iT1ZucmhPZFN4SzFTY2d3ZDh5OWZJbXJ2VnM0SEp3SUpBeDZYX2pDUGVQZ0t3aWp3Q21qQmdkdGw5YUxvM2hteGZ2QlU5SjJrcFZIVVZoX09BejlKRjdjV1o3bllSSDhIZjQzeDgwaEZvUGdid19kU2M4NWlxS1NfQ2EteDJsdnNVRHAtWUxWdlA4dThzU0FaOGJHdi1zRF9HRDFLenM5UVVYU0xoWEdtaUdkWVpza3VTVFV1ZDM5QnNaTG9GQ2xvcFB1ZlA5QlhBMHN5ZHNfdGFYLXc3aWRuUlB3TkdvYnpGc1h6cWUtTmx6d2U3czJldkg5eWRJMkJMczdGYTJwUkk4anFjZjdrSG8?hl=zh-TW&gl=TW&ceid=TW%3Azh-Hant,Yahoo奇摩新聞
https://news.google.com/read/CBMinwFBVV95cUxQcVRWdTQ0TUF6bnM1TGxOcERWSEdqMGxzUmc3Y3BGcnpiRmVmM1UwdnlkaHZKZEJSb2dSWTVYQ3lKUXJXNDREd0JtOFdSRlpmVFg0dTRlWVl5cy1pSVk4b2hlUTFaTWN1NHRBM1hFM09lRnEyaFNzTTFmdEo3dExfaFpYMjhDMXNpSmtjWGE3TXV0OWRjSzBIaWt0TDRBelE?hl=zh-TW&gl=TW&ceid=TW%3Azh-Hant,光明日报
https://news.google.com/read/CBMiywJBVV95cUxNNWg3LS1ra3NrXzNyQ3gwbzZ2emdJNHowZXJkWlVmRXRRTDQ1UlI2dUI2eDg4RkhYWWZMczFTY3dDaVN1cnFpczBQZXJlVkFmTENZRE1GRFBhaE5aQU41SjlMdV9wQ0lmSWUxNXBPVy1uT205dWdUUHF1Y3RyTEltQ2RCR0c0SFRTZF9uLWpYLUpUdG5tWmQtMmhMZHFYRXNmN1ZRbnVKYk5ybE8xc1hZd180ZkFTOXJIRl9yOGl1dm5mQ2NraGE3WmhoaTFLVVJMOGdmcnV3S2hOcEZ4Q3JPdjdwTE84eDVQNkpmc1piTFNSTTBaRnpvZ1V0ZGdqUzFHNUpUQXJZbFZUU2FYNHo0T01DQjhNRlB4WlZfVzRGOXQ5SmxGZGRNOTctRDlLQmx1VHBLOWphNFZRZ1dVUDRxRlgtb3VGTkRkbGs0?hl=zh-TW&gl=TW&ceid=TW%3Azh-Hant,Yahoo奇摩新聞
https://news.google.com/read/CBMi_wFBVV95cUxNSVdfZmZSRjUwTmt6TXRjdXpHVVpHNzhkeUpYakt2am4xZHEtT2dJeFBfOXJJLVVab29tLVBCX243M3NBRUVlTTVVWFZxNHhlcnRQdldGVTVXN01mNlE1d0JkZEVSSXh5S2ctTDVuX05RV0lFSGpBaUJIVGhLTGhhMDd0cWRsM25WLUM5a1MtOU9MSXdqa2Z0b1hqZ2JVUDhsRVRyd0xFTGJGbEdGczhhdWVBLVUzdGN2akJVaFlXX1dMMlVfODNkbkg4V0Q3VlBGTm9iMk1sSmN0aFk1TFFnUTNhZ1lZOHk2d2o0V3RjaVlJcFU5d1ByLU1rb3FaUTA?hl=zh-TW&gl=TW&ceid=TW%3Azh-Hant,光明日报
https://news.google.com/read/CBMiiwJBVV95cUxPaUtVZUwtTE1ITmdQNDktWm93VlgyZ0sxOEJzRDk4M0RNQWV0a0VETlBIQkF0RURNZ2hUVU8yd1dQOENUUGtVYTFPQ2FSUGFydExJRFpabkpvTVQtNVR6S1RjSE5oT1lFZE9GaUpSVVpod1puLVg3X0Fma09rSy1Oc3hyMUdhdjBXREdwN0xiQXJMVHJ1V3c3T01rdHV4WFdrWWRWb3JTUnZaV3hGczFQVExlZ3RkVnluNkp2Y0tqUzZfanVRdllXaUdyM1hpcWxJV2lCSVNwUlF1QkdrR19ZMmp2c0JLLW1fa1hvSEFUQnlzQmk3Nmo1WkxFTTdKYVBJV3JWOG1zbWxobEk?hl=zh-TW&gl=TW&ceid=TW%3Azh-Hant,光明日报
https://news.google.com/read/CBMipAJBVV95cUxPVXRQNmxZbFZ3STlkNlFJVlZMNlA3N0tLQ19aRGpkREpaWVBOVWo2WUxfclZVWFE4Qlh0Yi13b3JZaFJZVndPY2ZRb0Zpajdvb2wzdkttNUk4RGN1UkhMM3F2Uk5JREVXeEJGakxpUkRqR0hGT0wtY2pvelBzcUpySzM3em5KejVzYlpNeVg3Mmh3QWNLZk9uSEtMMXZGUVdaZVEwWlRNSkRvdlo0dVd1TC1lbUd4V3ZtdmlIdU1RR1lHU2VzMkNhMG9VTXl6dklDVll3MkI2Mnk5UWtEWUFmYWZWT0swQTJQTU9wQW5mTlE4OEZ0RnRsaThpZk9LTVFEZGp6SG1iRHp3MDRVTElzdjBWXzYwYVNQN1hOMFlrUmRIMzY0?hl=zh-TW&gl=TW&ceid=TW%3Azh-Hant,光明日报
https://news.google.com/read/CBMisAJBVV95cUxNSjl4TVJUZ2hpYTJTbFA1eWJzdXdrUm5qQkFvd19KNk55ZEhBd2h2MExHWjFTMkE0M214LWxCU09paFIzeFlBYjdUcXZXR1V6TDI3MGZUV0tENjJRc3FGdHRPcXA0SWp6MXJYcUdTeWljaFNIekRNUGdlSi0yNXhPeDc4b3BvXzZqZEJvMmx3eWNMUFZSYmhwZzAtSEhmMlpGb3o2TEVNSERkM05ubmQzc25xcmd1cW52QWp6VlJiSURLdjlXV1dkMjAzY0t0clNPMnRxVWhDZHpEa3E1Y0lBOW9CME1OZldYU0VCUnhiV29JMk1GcmdJS1k3VlJyU1J5RjN3bEFJR3dsMGZEa0ttQ0ZaTjhUQ0d3NUN0Ql9rVnc3M29DM0xxM1RQT0s0aVdX?hl=zh-TW&gl=TW&ceid=TW%3Azh-Hant,光明日报
https://news.google.com/read/CBMinAJBVV95cUxPMElhVzFrZlhwa1hCTEUxMEVZVUhsRXFJRE51Q1ZBUVh1TzRldW1zdldGckEtVUp4WXo2cld3UVR3b0RyOENnbGt2dkdseVVQa2h1aEhhZ2JmcUpnM2oyMWZwZTdoYXlvckR3WVRKR2ptbHhyQkUtYk4yNG01bk1XdTZYaWcwNUJLTzdCaWc0NmlQOVMzblZoLWpCclJVMWQ5YlF6TE5LeWVDUjduUzJwc2JRamFMVVp3Nkx3VW00Z1BseEE4VHhMcjF4amRJampmRElNTk5hUzlEelpYckhybzhJQlVndE9vZUlvY1NtdGdRQ0VXSmRodXdFeDJ0bHpia0lCYTBXLWRCZkZoM0FOQTY2RzNmX0pQNXdReQ?hl=zh-TW&gl=TW&ceid=TW%3Azh-Hant,光明日报
https://news.google.com/read/CBMiwgFBVV95cUxPeGxrSDZQZHpYZ0JCcWdCQU80WFdtam5xX1FaZ2pRMlc0S0xVWEtULVIyYWJMaG9val8yMFBicTN2eWVWVjVSeDk2eTZSWlV4SzkyUnBRNm1BcHZHLVI0Um1NTzZTQWxSVjROOGx0ZXB1dVJqMmxJVUFCamJtaFFLZWd0T2hwVXB1TU9GN3k3RS1NbWp4WDVDcHR6RzF5eDJic3gtdXk0VVRfby1KeGVkREV3TC1xZW1Iam40T2R2bDRpZw?hl=zh-TW&gl=TW&ceid=TW%3Azh-Hant,光明日报
https://news.google.com/read/CBMi8wFBVV95cUxOc2VmUG9xRXN1X2pRWVpoaUNjS2RKTGZwUG1Cb0lZSWZ4dTZ3UVJiWjVWNTMzT2xZTHhIaEluLWRRcGc4eE5WWGJEejRkbGczamwycEpoTHZ2TExwLUk2VENoX0phQjdHb1JhQ1hFWGhyTGVYemlKcU1HRk14elZNLTBvWHlrNkZvaktqaTY1TXpjaExPSnFiTFgwaDh4ODR1aTZDaXVaWFBUc1JqaGpGTnNkTlVSdWpJRHhibjI0NXdoSmtHWjBqLUdISEkwT3V2V0JGS2cwVG5jSDFodlZDZDJLeWdlSjNjZ3htY3RacF9IVnM?hl=zh-TW&gl=TW&ceid=TW%3Azh-Hant,光明日报
https://news.google.com/read/CBMivwJBVV95cUxQSG50ZUhvM3ZRM2pRNWFCaVZKeUZxMlY5TjI0RV9qd3JMUGpZOWdwUUowWWxPaW56MFZ5MEhZZHMxQTkzZ1l5bFdfcVFOaG9ialIwcE5ndm5JSVhBeE4xS2dXZks1MTBDTl9DYk91QVEtdEh3N3pRck1XUXZpVmtvNjd5MWVENDhOY1RiMVhxTllPNExvRVRYSWNRQzQ4dzFId2M0Zm4zdTRXSDBFQy0wV2pWVEVPWi1RMGNPclNYQnMwMjRfaDZTNU9BQ3lzSGltbmZseWVqd3J0U2Y1d0h0VmZIZi0tbkFwN0pWOXZXQVE4bjgxRjlGZU5oSjFGZk5CZDFLU1A0NG0xeWZrZ2lKVjRoak5OczRRSXhkcXhyMXJJc1Z0S21hYnJqM0l3SDFFQk9ZdkpWUG1udjJiY3VJ?hl=zh-TW&gl=TW&ceid=TW%3Azh-Hant,光明日报
https://news.google.com/read/CBMijwJBVV95cUxPdUtLUUJSUi1ndnp1RWk5dFIta25hZFNXMnJZdTFZdzFTVUFZS0x3VGQ5UEdjQm90dFgta3IwNkJiMGxIYnFzU3FKa2lhNjcyZGNUZmlfVnJsMHFrLS11dUpyM3R1YjlJNm03Qk9tRGxsQ1lFemZhWlh2ZFNHc2dRdWh3MURFdmJiTDVaamRjbXFFM1pncWhiMU9maDRqZWxReFEzRkwxNnRNTXpLd0FQWjE0ZXQtSXQ4NTg4T1pFTlctMXQzVi1rVjc0TENQMHBNR29GaTkyZ3pldGlieHBGeHlSS2I5YTNySTRhVWl4YzVJcVRZbVY3Vzdtb0tlSTZ2dVg3NVZ1R1hSU3BVUHN3?hl=zh-TW&gl=TW&ceid=TW%3Azh-Hant,光明日报
https://news.google.com/read/CBMirAJBVV95cUxOVXl0c21ENWFHaUJuMmVHcUVyOWZvNFhHMGVwRmZnRjk1b25uNUY1WjRLZUZuNjAxeEktLVUtUDktMVdNY1hnMnkwc2h2WlkwTTA5N2lRaEl6U2tsYTFOanA3NEJpY1M1QjBiSUlib3I0bmx2d3hIdG9TSkNzNEVIeTJFcHlmZjdpQmY4X0JtZ1FHeXZYb3hDTi1TNjhsdURRUmFob3lBVG9ZY2huUVRxbTV3YlJRZFFWRWw5eEE0bDcwNGVyQWJCWWtqdHFXeENNUXRXcS1PUjYxMXE4Z2VLbFdLMGVEZTdUWGlob3AwdWkxVTJHT0IzQmJMakg5WmpOVjVhdDNZUFVZRUFoZFhZZlhSTGZfNzJ5Sko1dmJyMnkwdDBFaUFRcTRYMV8?hl=zh-TW&gl=TW&ceid=TW%3Azh-Hant,光明日报
https://news.google.com/read/CBMisgJBVV95cUxPdDhSeXQyZjNISm1DdkVabkE1YnBNdUhndTQ1OTRMSUQ0ZnlaTUVKdHVtT0dXR2g3bTVGdzVpa3RPY0Zkd2h2VkRYYXpYRzBMZWswbEVKbi16SERpVEZsbWtta1A3bFdaUWFzdXg3WERtUnlfdGtfSkVPY0d2MVl3TkM0Z2dadE1LUHVPNGxOTG4wTjNvVnI3MGtRTDR0QVBvVW91dGs0ZXUydG0zZ0FkaFUwa3VxTDNaOXVJcTB1ZjJUaHpRTEJrVmtnT0s1enRZQy0yUFI5cEwtenRjeWJsdGYza05iRHRZc0FSRlRjRWJibFk2cnB4UnR4YXFiRWpzcDNpSUFIVXdVMkRwZWJMQnBKLWZWTXUyUk81SW9UeU1LdmpwX0RjWlJkemRXckpfTXc?hl=zh-TW&gl=TW&ceid=TW%3Azh-Hant,Yahoo奇摩新聞
https://news.google.com/read/CBMiWkFVX3lxTFB5anNoM1o0WVR3ak12T3J6ZS1fdGVVNG01bVVDU0p0cFNoVldfRmdheE5JdEp2VmJ5aTA5dVdVVFFkOUlocjNINFdNSV9FSWktdWlIWVpYQjlYd9IBX0FVX3lxTE9Lay1qdWt3RVFYYjlCX1RpY1hpaFV2ODNrMmQ5aFB5YVduT0pwMFduUGdhYjduUzZVV3VVUkYxc2EzbEFRU1REblpibjZmSlhVV1Vjc2FHVkE3T2FYcFBN?hl=zh-TW&gl=TW&ceid=TW%3Azh-Hant,經濟日報
https://news.google.com/read/CBMipgJBVV95cUxQeXU0OWpGM21YRGxZWHhEdDU1V084SWFOUzVhOTVRbVhITkw0OVVORkJYcXFJLXkwR1pNV1RVNlVwaGFvM0szR25nQTZRbEw4OUFNZ3FNRUxFMjctU2FFdFJuS3NfcklMN0hTc3JZQ1RFUjBuRGpoT2NoQWFPMGM5U3ltMVczYVlVSEtaN0VaczZQc0tSSVJ2UGlyaEo0YlptY1ZuNDJPUGJSQ1dodTNhd2VETUFJUlE1aGRTQWpqMFVkbXF6azJCUm9zLVJONGVyUlRYOXYxblQ2dnRkaE9yTGpacE5wQmo1bWFyUmhvUDZjX180OHVSbjQxZzV4REZDU1FmV0k1VTRRbUlCUEh4Tk1sbFNSWTNGZC15WmxmZElQdGdKelE?hl=zh-TW&gl=TW&ceid=TW%3Azh-Hant,光明日报
https://news.google.com/read/CBMi7AJBVV95cUxNY3lZQzNtckpsOFRqa1R2cElNMkhMN1YzZTJSVUNGZ1JKdGtNVXNwNktNT0VBdVhRM3FsSlRld3ZfOGl4V2hXQWM2cHdMaTBkUVR5UDVxNkl1azEwWVo1VG0xMENLYVVFbk1UWmVVbUdSSkdjMU5zTTVTNE9xR0E1YkNpREtocDdDaVk0bjY1TDhjekVuZlFFVm9yYUFKVFZTc0ZUQUNtWHM1anpxVmxQaFEzRVhXMUtIMDJQUzdPVVZfZS1Kc3lMQ3JmTkNBbWJEUVhPTTNLeG5LVWdyZzc0VndiZDdwQVgxemxkYllQQVJCTW5zSnI5REVfR2FraE1HTjN6cTduTkJNcEtyRVJRdm13anFjYjBSZDFkY3dMaTRtRkN3aDBIeUlJZE5wUjZtS3Vhc0E0ZEJ5cTBwanVtaUNsZGUta05tSVIzSmdRWHlMLThSeEZWWmNmWTFNUHh4a1BnVWVKTGp0QUtL?hl=zh-TW&gl=TW&ceid=TW%3Azh-Hant,Yahoo奇摩新聞
https://news.google.com/read/CBMisgJBVV95cUxPQnhRTndmNjlKaVFfZzFGc2VuX2hxS2pZdWt2R3JDQUZSQmgzMUltRWJIQXdMTnR1aF9FWktqbkhLaEM0OWQzLWM1U2xlOUkzdGVOdzRMWjFscXNBbDZvQ1hpdXhKRFhtVG5VTlYzVzJtUHRveUNHQVBkMmZmdFJMNjc2MkVlLTljVVUzN0g3V1k4YkJFQm9FeHRYZm5OV2dFalZEV0VxbUU1UkVXaTNUZU5Ob09zMVhDUlNPVXpQUnJYeTdtV0NuU1lRSHdjaDh6V3JyaWNmbTJEM2M5TlV4MzNBRktUT1JGY2pRZHZlbjE5cTd0MlBvSVlQWUxaUkN2X0h6Wmt2VzY3ZGhIQ3I3clgwc0xLTHBQMVBseUw4WXhnT3h4czA3am1KMFpUeGZnb1E?hl=zh-TW&gl=TW&ceid=TW%3Azh-Hant,光明日报
https://news.google.com/read/CBMi0gJBVV95cUxPaE1ETlhWWjcycWFIdHhnam9UV3lYTEpwTzJLUHRrYWU4clNQd19kRGNqVktESnRjRW5Id3FBNEpuaUtET1lhaGVzN0pvb0lGUnpTRERqZEMwU2hzSDlpZlBVWE82RGtpVDk2bFM2eFRJOHo2VTM1WUN0MkZZcDZ0RkpfSTY5UVRMdUQtQmFoXzE1MGpvdjJhTTdlOURldEd1cXJ5NExVejNLWlk1TmpSY0FON3F3bHNOUzBKbHdTdnlzQThUdC1NODZsdTN5eEtwaEgzQWpuUG9hSjJIR095eE9VQ19fbVhjUkx4UXhzeXRFenl3Y0lXV0V5YmZycXBXWngyRHpFSnY5M0RsQlZqc3RaazVXOW82VzJmQ0FxZEpuRWIyWWdfVnUwOENKMHg5Ykx5cXU3eW5yaWVOREFDQTZsSi1nTVZNUlE4dU9tcjROdw?hl=zh-TW&gl=TW&ceid=TW%3Azh-Hant,Yahoo奇摩新聞
https://news.google.com/read/CBMiWkFVX3lxTE1ieFVETzVwdGUxekp6SnFRNXhHOEdIMkR2SEliY09rQ0dmM0dnZkxtX3NxUjZ4Y1h6MFRjSEI2Z0Y5QWtET1hJZF9uTFJuU2Jpc3R4OU1SSVgtUdIBX0FVX3lxTE85dE9LRERHYXl3T0Rqc2lRS2JCOHRJR0N5QlhkTVlrdGJTSG1MMXZqNFRBeU9vSzRuMU5BeU5UUzhzWkI2bXBJRXcxc3YzVE1IUm53UFUxUnNqR3MtTzVJ?hl=zh-TW&gl=TW&ceid=TW%3Azh-Hant,經濟日報
https://news.google.com/read/CBMiWkFVX3lxTE1KMVUzWU01a2doY3R2Tnk4SEg4cG5tMkZXUXRTNVhDYWtWbkNTR2hHRjF5d0JmckYxeGJneHpUT2U5TEh2QTlxWUIyc2gyaXBfSHhwUjRmdkhpd9IBX0FVX3lxTE82M2RqNDNzVFZLOXdHX2VuM1Q3WkNEWnNVN3lDS2FocGZiVzV1WEdNS2FMYkpVMjg5dkF3ZDJseWw4eU5jYTA5dEE1YnkxMzRNSmJWbU1vbGpkZmtZTFl3?hl=zh-TW&gl=TW&ceid=TW%3Azh-Hant,經濟日報
https://news.google.com/read/CBMi2ANBVV95cUxOR2FZSWExYmNZUG8za2ItQy1WU1V3RndnVWoxYUNnSGpwd0ptLW1RcmIzMnY0Yno0aTcybmFUZkdCM3NIa2RGckx4RUZDU01uUVp2dlFaZVdibk9hUkMyanNMcG1QUkZZQ3FvR2h3RWhjTXRTMlRtZ0Yzb2pzbkVRYWRySEJoSG9hSWNfX2ZTY3E3T2hNYk02VDJNeFRCeEl4VUtCRTJZaTNDMmFELXkxY0E0SzNuSGdtMTRPVDkyYjd0eXRYRHE3SVNZWUN5T2xvN05WVHlWR3BibjAzVHFMWTBZN3ZWR1VmcWFaVVZFbVI5UlFIRWUwc0hraTdocC0ycGRZTy05dlU2Sktsb2p5Q0g2SFFFU28tODhuV3l3ZnFsX3BiaHlxYmdLYjQxNWtxYUUzenktb1pkSkEzOXlDbTdOdUtqS3I3QnFYQXh5dUNnZC1IdzJIeEtlUW1XU2xrSnZhZGRUMjNxdmxFRk5nby1zTkRZYVpkMUFnaXl1YjY4M2lHWjVqamtTeEJISExPRkRVUlVZYzBqUkhYTXBqMWp5dEVZeFNGajNEMlhoTDlLemFscHhjWjVsSXQyYms5cUZYbVhFNGVLZ2lrY2htN0J0WXpJY3p0?hl=zh-TW&gl=TW&ceid=TW%3Azh-Hant,Yahoo奇摩新聞
https://news.google.com/read/CBMiWkFVX3lxTE1qV2k1bzNXY2QxQ3cxZm1CYmFjTm5wc3FoTTdQNlFza1M3a3l4blpXcjViUTZjX3JRckVVOERCamZwY0JWSDhiOVhkUm1VOGNLUm5TamlNeVBYdw?hl=zh-TW&gl=TW&ceid=TW%3Azh-Hant,Newtalk新聞
https://news.google.com/read/CBMiWkFVX3lxTFAzQXVCRTNXUExTWUx0empvYTVpb2l5VzBpVk9TSGZLQl9WNnRfS3M0cUF0UXNIZGg0dzBpb3ZsZDNENHM0b0poNV9zcUZnendrZ3lyS0pYU0d6Z9IBX0FVX3lxTE9xVXpPdjM0R2d1LTE5TzNWSE04OW1GSDVZTW9RdWd3N2MxcnZtYU42eUVwZW1abUZmdHdQNXJOblJub0dPSWhXdWhpbDVHM0JzQmxXZDJxbjRxMWJtbUJB?hl=zh-TW&gl=TW&ceid=TW%3Azh-Hant,經濟日報
https://news.google.com/read/CBMisgJBVV95cUxOcFJiWnJuU2RZZ3RoQkNzbGlEbzIxQ0J4Tmc3TkdURWhFUVNRc1JvTGt1YzN3UXFVNXRBbVo5SFAtdW5RUHQydnAxdEFQa3Z0bXNVSXBXcmhnRHpqbVZ3VVd4cGlFOWItZ2swWWZHTTJiSURZZ1Nqd2xzakNoY2xyaU9pVnVESWI3SFF5YlhHVEFQNDlpNWN6QVd4ZzR5bnFwY0UwS2RiblBzSUROT19YeUNpME1oMFVWdm55SnFTbFNvZnVab2NGZWpxekFUM0E0LU0yQnZCZHAtZmZLbHRRaGJ5MnY4OE1NT1E1MGFvTjJvOEZPWWMtZkY4a0lvem81N2M5ZWh2dTh1Z001MDFOcTBlUmI3YjlvQzAzcHdHTjZSaWIyRWkyWmRWOFFTVEt5dGc?hl=zh-TW&gl=TW&ceid=TW%3Azh-Hant,Yahoo奇摩新聞
https://news.google.com/read/CBMiygJBVV95cUxOZXVuVTBHZ18xeHdHS3pwNnhmNnBoeGx2aHF0Q2prQkJJQTBWSHFIN3dKQTlMRUVMRGdVNUc4aU5oQzN4R0kwNjJ2YmpLcWhYUWxUVXVGSkJWRVFHY2ItMlNPdm9uTzNjMmxMaHdSYnUyMXJPYjk1cjhTZWk1TGtyYlRvS0VoZVVzWl9QZGZFY1VjVlgwRXpVN0MtUExqVHdtb1d5S2p5bEtvVGI3ZzNtMEZ1MTVkOXBIcUFzVUV2bzRDV25FZERIQlgxQjN5SXVBQ0RLUFczRE1SLThfN1o1N2h5X25sbFV3UEpQeGw0UnpSRkFWSG5SMkQ1dWRXYnpSbmh3V1pINXRXei12eHV0Y2VNUEZ6S2JOM29FWkFjOGYwQ0dsX01WdHJSaFBhRjNES1dvQ2s2NU5OdUh5UjNIZ0s1ck05NXJ6MXc?hl=zh-TW&gl=TW&ceid=TW%3Azh-Hant,Yahoo奇摩新聞
https://news.google.com/read/CBMiWkFVX3lxTE9wNGJNeFo0TUpaeHFWRndQYXpjbUY2OW8wQmhGVmZVOG5EOWdDbVl1eTV5LUFuU1FsdFRHdnY0V21YeEVPVmM3eTVMX2hmRUNOblBhcTNuaXFUZ9IBX0FVX3lxTFBJUkI2Y19BV1lXTTFYNEhBbEF0QlFSVWpfMVAtRWxGbk1OQkc5cWZzYWt0cFhyWE1zUWRTRFJOUldCZ3FqT3FPU2QzNnd5OWdqdU15MmlRNDl2RklNWmpR?hl=zh-TW&gl=TW&ceid=TW%3Azh-Hant,經濟日報
https://news.google.com/read/CBMiWkFVX3lxTFBJbHZZeENVOTlKOHZhUkNFckFfX1V2U1lqYjFmUnZrNEJia0xZTTM4NnBfQktZWDIwM29Hd0k4OG5ka3dNVUxrNHU0cmxtVEl2XzNFdFc5TVZJd9IBX0FVX3lxTE5OVWxoblZBZ0NqRm5kNUFaMXBYUVVQaDRvc1d3UGt1cEVVUWxsa1QweEp0Tk1fWDVmUTRHeGs2X1BhSWotaE1pd0ItZGxybURKRWRiYldZbC1pUHZkWnVB?hl=zh-TW&gl=TW&ceid=TW%3Azh-Hant,經濟日報
https://news.google.com/read/CBMi2ANBVV95cUxOdVQtdDlvYWVybzJacm9PaUZlejQ4MDBUSnZkbjVQNWdkeU9LUHhKWFAzX05QZGhIQUpfYno2Vzd5bTI2c1dSaTloXy0xRFJpMnRxSnJRRWVuMGxtcWZzQ3o5S2pnZEJBVVppZTdkd1BneFVoQ29yb0lVNUpMajVwWHBGU3Ytc0pwaW5hbEVla2JJel9KdUtkdUs5aGQyOEhLMGNNcjgwLVB5S3JXNXpXSmNwZTg5bEJmQ0dMdGRHMW9EYkJhaTg3OUlWUGhLYkRpVE1Fb0JCUHM3YjFtOU4zcWxzd1ZNY0M4SElMTUdxeTZ3d18td2l6YzJyS3NDM1FnLVkzUkZtOVhfMjhjdFlQOUVXdWJ0eWNEOGZ3N2lLblhBOTFJV3V6Z2ExV1FRZ2JsYmdOQ1FHbnJGbmlxcElwb21oeVE0RG5kTXduVnZsbDRVSE5qSUpzRjM2TWdrTGNpVUpjYlp6Q0pPT2pSQ3FFM3JqVnJQa29zRi1VeDFoY3VoRUNBZ3NERDAweklqU3VZUTRnaW1HaFdVLTdnN05kQXA5RGNHaUx1aUJVYWxVUjJCOTIwNFlpSmVhWEhha29qUFRpNDlxaGlpdVdnamFxM3A0aHBfUmFo?hl=zh-TW&gl=TW&ceid=TW%3Azh-Hant,Yahoo奇摩新聞
https://news.google.com/read/CBMisgJBVV95cUxOVnZjdDRlNFY2RzlvOEVESVZYUzNLZXB4TFhwV3FLeFB4dXVkaFUyZlpKMF9LRWczNnJDdW5vcUJNc3NIeVNwZVR6ZzFpU2dKNnNvWkhtRXR5ZlhhbEs0SVlMekRMdzliX1ExbkxlSzJTUXpHd3I5aXdZRUU3ZmprS1NQSi1uWFV6QWtCNWtubVVEd3FrTDRnN3N2QXB3RDN0SjNVd2RzMy1lMTM2T3N5eXNFSVRoanVwX0RsS2dKSHFKLXFsV0FPN0JPMlppb2lLZjRMSVlraVdSM1FxR1YxSXh0X1hKTVN6bWpWNXJDb1J6S0Q1Ml84WHE5ZWhPaGw4UzVhZ09XS0ZwQnhYR014MF9oVExmb1duNWQxeVYtMDFlVzJYZlNjRVVFWG93VXo2ZVE?hl=zh-TW&gl=TW&ceid=TW%3Azh-Hant,光明日报
https://news.google.com/read/CBMijwNBVV95cUxNN3B1R05DYW4wSUdmQy14bkQ0cGJHZVFYYlpBZnNzRjRJTk9yb2tkbDZRYS16bVBuSEhvWmN0MEhKVmFvWHJVdXV1V2VSU1JFSnpFLWFRams4ZzdfdWh4RjMtVDRwZkhaTEVrMG1OMm15NFFHanNDMWFVVHVyVFp0N0ZIVE5iT1ZucmhPZFN4SzFTY2d3ZDh5OWZJbXJ2VnM0SEp3SUpBeDZYX2pDUGVQZ0t3aWp3Q21qQmdkdGw5YUxvM2hteGZ2QlU5SjJrcFZIVVZoX09BejlKRjdjV1o3bllSSDhIZjQzeDgwaEZvUGdid19kU2M4NWlxS1NfQ2EteDJsdnNVRHAtWUxWdlA4dThzU0FaOGJHdi1zRF9HRDFLenM5UVVYU0xoWEdtaUdkWVpza3VTVFV1ZDM5QnNaTG9GQ2xvcFB1ZlA5QlhBMHN5ZHNfdGFYLXc3aWRuUlB3TkdvYnpGc1h6cWUtTmx6d2U3czJldkg5eWRJMkJMczdGYTJwUkk4anFjZjdrSG8?hl=zh-TW&gl=TW&ceid=TW%3Azh-Hant,Yahoo奇摩新聞
https://news.google.com/read/CBMinANBVV95cUxOdTJMN3plcGYwOWFWNWc3MDIzQVdLckFQOXJiQmdsQ2RPMzJiWjJBU05zZVk3RU9ycHhacldfMzdoamZ5b2pianhsaTJ4MVJVZW1nTlZrcFU4N1djTVBqN0VxVFpLN3VIRmJvYkxSbmp6QjhkUWJkUExvczluUE9palZPeW05cktPTU5Fd3ZUcktQU1plc1l6M0VSTl9EaUNmY2FiVWhFajFrZGJUZmtYOUVWSGtCQ1hOZmEzcHpzVjZVNm5tRktqLUxJcGJYeFBtZDN5aElaUXhBdWdFV0FtUXE3aDVtaHRuY1gzR29fS0l2RFc2dzdIaU5mMUZKTDZRaXpHbkI2RFVWWjZ3ODFOV1I3cWQ1X3pnTTQ2Z1daRjI5WU42SGVHYmpVSTdhSkRaZ3BFeEMzdGMzUEpzWktFT2RRbGx4bzl2UllzaEtOVUZLaHdUUm1PVVhHcC1PeEJDc1Z3cnJZUUllU0VUWHdKLUotTFBHVU5FQmVRV1BnUEtsb3FOUGg0aEF1bTRGTG1Ga3RrVXlLb251M3dJ?hl=zh-TW&gl=TW&ceid=TW%3Azh-Hant,Yahoo奇摩新聞
https://news.google.com/read/CBMixgJBVV95cUxORG02Ql95b0FiRFBXLUVEMkM0Tk9CUVpkSWdta3N3UmN4LTFWQjZhWHQxQUdIQ25TeXN3TFJwSERoVmhGVHlobmxOZDhEcG1WM2dpNTBBZUd0LUg3NXBBTzJMdmplYjd1NEhtd25oaFpoU29jYjNBYk1xb3JXWXpsRy1TYUpsODNadFBYZ2o0T2x5V3VJZW9xNmRKTWVScVE2cWtRS3U3ZnNaOE9WVExxbV95bzFEZUE5TUFQck90ejYzQ2daUHFXOUliWjdkSUtmcENWQWN6a2x4TkZUaFBUVmVFMVVVV3dJajZjSVN0RmhjWENmMmRGdFo5WDZoTE1ack9GVXFzX1lmeDNqbE5WaWY3eU9ubDNQYVk5R3hHQnVhOE1HSWZjdlFlWkt2OVpQOE1Bbjd3bUpxc2R4NXlMVDdMeGxwQQ?hl=zh-TW&gl=TW&ceid=TW%3Azh-Hant,Yahoo奇摩新聞
https://news.google.com/read/CBMixAJBVV95cUxNejNiSDJPeTJjUmxHdjFQS0JDSkJuVXZkRENWOGlIdkxWV2lGd0YwYjdvRnpXSHcwUWV6M0VQTHdaS1VwQnY1NVc5NmVON3cyV09WeFBmYXQyXzd3eDdjdjRYdEVMM0VZNkNvMk1ISWxPcmY1cmtlb3BhaFBpTDFiV2RVTUlhV05nNDU5blhGQkxKdW9JSGpxdWc2QWs5XzdmUkdYSmhLTHpWMGxybmNEb3NTQmhwU0ZPNUY5VG1kU2QzUWgxS1lEN0pWeDdXd2s4endCSEJwZGVKcjJZbW5heUxXbnZEQnZnYlB6clI5VFZSY0VicUpNdVcwQTlxWkI3VGV0Q2FDcFpoQ0dFbXdMMVl2UHpGdjR3bjAzWGRWcmtiX3hSN2p3XzlxY0xoXzVrUnZaZU40VEd6OHduSHhpTy1pdVY?hl=zh-TW&gl=TW&ceid=TW%3Azh-Hant,Yahoo奇摩新聞
https://news.google.com/read/CBMivAJBVV95cUxOYW51SmltcTlwUGJyaUpHdURmc3JjSWRrcHljODlvalVaTG1xa0YxN0dhM2hPZkFNd1YxLTZaQW9hY045MmxnVFhYOERwcWFMZFZ3WnpJMXpPNkFBQl9UYy13NHZETGtKV3RfTmVQMzhQSDl0SDdtTnNvZVl1ZFVSb1JSaU56bF8wckFBREQ1cEcxRUFOZjBsTHI3Um5jS25wMmd6d0hjZldENUlSQ3hfX3gwZm5zSkJZdVB4cWRVOXJZdFdKUXRoOG1YcDRIbUhLWkRNWVgwZk5Fc0xYOGRDc1NlZU9SR292Z2l1SEZxTHJpTzY4cXNjb2loMlFJa0hwUzNfNGFEazNaVlhhaFJLd2R0aEpLcXJzakcyZC1WOUZjd1ZFVHhrUEQ3RnduRW41OGtDQmI5T2NNV3du?hl=zh-TW&gl=TW&ceid=TW%3Azh-Hant,Yahoo奇摩新聞
https://news.google.com/read/CBMiWkFVX3lxTE1tXzV0dE43TVVnUEFxREk2YWdISGh4a2h3NWpCWjFnelRWaGFkWExwdGdSc1Z5QjdfZHlDalpwTlBkTzBSZTNtU2k0Zm1BQVRKdlU1TG15TnVnUQ?hl=zh-TW&gl=TW&ceid=TW%3Azh-Hant,Newtalk新聞
https://news.google.com/read/CBMiWkFVX3lxTE0wRnZPRUZWWnVjYlRWcjk0N0ZzWFVCWVZGc095b2lUYmFnY25Wdk00UUhBeDZGZHJ5WTI3YTN6QzlpMzFuVjhMWll6aHl2OFYzdVl3ekZsX3JlQQ?hl=zh-TW&gl=TW&ceid=TW%3Azh-Hant,Newtalk新聞
https://news.google.com/read/CBMiWkFVX3lxTE84UHpxRDBDTnlteDdGWTMwc2JOWVZQVEF4VTVRbTZZNE5EekxNT2dJUWg2WFRncVhETU5EZ3RPYlZ6b3NveVJpTE1Oem1UdEVLdnh6ZWxENHZzZw?hl=zh-TW&gl=TW&ceid=TW%3Azh-Hant,Newtalk新聞
https://news.google.com/read/CBMipAJBVV95cUxPVXRQNmxZbFZ3STlkNlFJVlZMNlA3N0tLQ19aRGpkREpaWVBOVWo2WUxfclZVWFE4Qlh0Yi13b3JZaFJZVndPY2ZRb0Zpajdvb2wzdkttNUk4RGN1UkhMM3F2Uk5JREVXeEJGakxpUkRqR0hGT0wtY2pvelBzcUpySzM3em5KejVzYlpNeVg3Mmh3QWNLZk9uSEtMMXZGUVdaZVEwWlRNSkRvdlo0dVd1TC1lbUd4V3ZtdmlIdU1RR1lHU2VzMkNhMG9VTXl6dklDVll3MkI2Mnk5UWtEWUFmYWZWT0swQTJQTU9wQW5mTlE4OEZ0RnRsaThpZk9LTVFEZGp6SG1iRHp3MDRVTElzdjBWXzYwYVNQN1hOMFlrUmRIMzY0?hl=zh-TW&gl=TW&ceid=TW%3Azh-Hant,光明日报
https://news.google.com/read/CBMinANBVV95cUxOdTJMN3plcGYwOWFWNWc3MDIzQVdLckFQOXJiQmdsQ2RPMzJiWjJBU05zZVk3RU9ycHhacldfMzdoamZ5b2pianhsaTJ4MVJVZW1nTlZrcFU4N1djTVBqN0VxVFpLN3VIRmJvYkxSbmp6QjhkUWJkUExvczluUE9palZPeW05cktPTU5Fd3ZUcktQU1plc1l6M0VSTl9EaUNmY2FiVWhFajFrZGJUZmtYOUVWSGtCQ1hOZmEzcHpzVjZVNm5tRktqLUxJcGJYeFBtZDN5aElaUXhBdWdFV0FtUXE3aDVtaHRuY1gzR29fS0l2RFc2dzdIaU5mMUZKTDZRaXpHbkI2RFVWWjZ3ODFOV1I3cWQ1X3pnTTQ2Z1daRjI5WU42SGVHYmpVSTdhSkRaZ3BFeEMzdGMzUEpzWktFT2RRbGx4bzl2UllzaEtOVUZLaHdUUm1PVVhHcC1PeEJDc1Z3cnJZUUllU0VUWHdKLUotTFBHVU5FQmVRV1BnUEtsb3FOUGg0aEF1bTRGTG1Ga3RrVXlLb251M3dJ?hl=zh-TW&gl=TW&ceid=TW%3Azh-Hant,Yahoo奇摩新聞
https://news.google.com/read/CBMiWkFVX3lxTE1ieFVETzVwdGUxekp6SnFRNXhHOEdIMkR2SEliY09rQ0dmM0dnZkxtX3NxUjZ4Y1h6MFRjSEI2Z0Y5QWtET1hJZF9uTFJuU2Jpc3R4OU1SSVgtUdIBX0FVX3lxTE85dE9LRERHYXl3T0Rqc2lRS2JCOHRJR0N5QlhkTVlrdGJTSG1MMXZqNFRBeU9vSzRuMU5BeU5UUzhzWkI2bXBJRXcxc3YzVE1IUm53UFUxUnNqR3MtTzVJ?hl=zh-TW&gl=TW&ceid=TW%3Azh-Hant,經濟日報
https://news.google.com/read/CBMiWkFVX3lxTE1jOUZSSzBUNmlOa3NwbXFqV0RQY2hvUk9fendnSkxMWUFSRmo3d09QZGNoYzVvM2d6MWdnVy1iMmhWYTVpVEFpY3VJM20xUDloMU1ZQUdPaFVMdw?hl=zh-TW&gl=TW&ceid=TW%3Azh-Hant,Newtalk新聞
https://news.google.com/read/CBMiWkFVX3lxTE9lUmpkdDNaNmluZkQ1c0g4R3gtUjBJSVdMM3ZQZDlSVFlHTnJKVW5mUEFHOTlDS25FUlNnMWRVeU5NSHZjZTlHdE9LWTFfSnlwak5MbHFmU190d9IBX0FVX3lxTE9NMlJMb3NhRFhhMWlDVmpoN0xyRklhYUdrYnJTWG9QNlR1YXhfV3UtM2xDazJxZ1UyUGVUdmhXbzE5alNSRVU0RFZBWEgxNWtTZ1pNVDM4aTdlaGNjellJ?hl=zh-TW&gl=TW&ceid=TW%3Azh-Hant,經濟日報
https://news.google.com/read/CBMisgJBVV95cUxPdDhSeXQyZjNISm1DdkVabkE1YnBNdUhndTQ1OTRMSUQ0ZnlaTUVKdHVtT0dXR2g3bTVGdzVpa3RPY0Zkd2h2VkRYYXpYRzBMZWswbEVKbi16SERpVEZsbWtta1A3bFdaUWFzdXg3WERtUnlfdGtfSkVPY0d2MVl3TkM0Z2dadE1LUHVPNGxOTG4wTjNvVnI3MGtRTDR0QVBvVW91dGs0ZXUydG0zZ0FkaFUwa3VxTDNaOXVJcTB1ZjJUaHpRTEJrVmtnT0s1enRZQy0yUFI5cEwtenRjeWJsdGYza05iRHRZc0FSRlRjRWJibFk2cnB4UnR4YXFiRWpzcDNpSUFIVXdVMkRwZWJMQnBKLWZWTXUyUk81SW9UeU1LdmpwX0RjWlJkemRXckpfTXc?hl=zh-TW&gl=TW&ceid=TW%3Azh-Hant,Yahoo奇摩新聞
https://news.google.com/read/CBMiWkFVX3lxTE1KMVUzWU01a2doY3R2Tnk4SEg4cG5tMkZXUXRTNVhDYWtWbkNTR2hHRjF5d0JmckYxeGJneHpUT2U5TEh2QTlxWUIyc2gyaXBfSHhwUjRmdkhpd9IBX0FVX3lxTE82M2RqNDNzVFZLOXdHX2VuM1Q3WkNEWnNVN3lDS2FocGZiVzV1WEdNS2FMYkpVMjg5dkF3ZDJseWw4eU5jYTA5dEE1YnkxMzRNSmJWbU1vbGpkZmtZTFl3?hl=zh-TW&gl=TW&ceid=TW%3Azh-Hant,經濟日報
https://news.google.com/read/CBMikgNBVV95cUxOUVVIQW01Wmd6S21sblo1TlpyYmpVNHR6NHFtNXZXZmxKYjJyd0F0WEF1T0FXcUt2d0tNMWk5R2RtdzJlRkc4QWE0aW1sU2p5YURqdDUzU0RmUnE0Z0x4YkFkOHJHa0llOUwwR0JzeThXUm9iVUN1Y0tsZ2VoNkctckFNS29FMXVqRGE5cGl2cW41NU1wRmZZc1c1U3N0elVEX0ZsaEgzMWhpTzZnRjlwcDlCUU9PNXMwUVZHeWNZQ3hOeV95VnZsMGFvWFcyRVhnYVBQTGhNUVFIcHZiV2UycXdvSVpoVExWZVFPNXRaRkg5Y2hFZ3RGS0FEdVB0a1ZVODVYa0l6cEkzNVdfbXNlY0dIZVpxOG5ERnJRM3pJbEhwWkROYU9ibWlVWUhVUVRoY1lTTmVEVFp5aVhUZERERG9iQThzQWs5X3dnZ3JEZGpFMnlBdzNlTk1xaU5BenlhQWQ5TUlWNVlvTmJiNndoSFRWaXNRX0ZCYnRKVUJVX2hEb1RNN1RfRklTTFhhWW11UkE?hl=zh-TW&gl=TW&ceid=TW%3Azh-Hant,Yahoo奇摩新聞
https://news.google.com/read/CBMiWkFVX3lxTE1NNEducFcyZlM1MTdZbmxPMGVncTRIdm1obnNfNzFBTzlxbEFHZjBWbWVXRjNIUnNOcHN3N2o3dzI1Y1JQQVJOVkpNN1JjTkpxMzFZWFNLQlFiUdIBX0FVX3lxTFBqRDVxLTRXb2gtSFVLbWczRUYxdWphLVR3OTFmZDRnU01UN2lfdnZvOTMwQjZFOXY2d0JBQkRsYklHbnZ0OEx0cUhBa1NqOF9HcU15UmxxRTlnZDc1d1dn?hl=zh-TW&gl=TW&ceid=TW%3Azh-Hant,經濟日報
https://news.google.com/read/CBMiuwJBVV95cUxOVlYzR2VwNjVGSDFIOU41VjFVUGxnWks1YnRmN25TZi0zaFBkQ0ZNc3J0SUh2dVdpOXpQb1FOaFlJS2YzLXZ1akV4NTlwcXVuNjlUc0hmalN5TVZkbzgzblZPS3M2NG1rNFlTbFZhcGhhdXlNN3Y5ZEhadGc5R2hlRFVoUDZ4QXN1YWh2bE8wcExKUHVnLUQtd2dkN2xTQ2cyVGZMQ001dE44RC1xSkVKWTZxbzZJYjVrVVgtY0NfRkRNaUY5NVRma0ZyZnFQcGpQY3V2aDMwSG14S05WeXpuNm9paDN0TUVhMHFBS3BYZ2wwSzNLX2FjVzB3eTRKSkZpVWl4V3NCQWVKOTA3Z3djN2dqclZnWWE1XzFpRFlXb1lvdkpndi1OcFVMd2Q0N1ptTS1uVy13MEQ3NVE?hl=zh-TW&gl=TW&ceid=TW%3Azh-Hant,Yahoo奇摩新聞
https://news.google.com/read/CBMijwNBVV95cUxNN3B1R05DYW4wSUdmQy14bkQ0cGJHZVFYYlpBZnNzRjRJTk9yb2tkbDZRYS16bVBuSEhvWmN0MEhKVmFvWHJVdXV1V2VSU1JFSnpFLWFRams4ZzdfdWh4RjMtVDRwZkhaTEVrMG1OMm15NFFHanNDMWFVVHVyVFp0N0ZIVE5iT1ZucmhPZFN4SzFTY2d3ZDh5OWZJbXJ2VnM0SEp3SUpBeDZYX2pDUGVQZ0t3aWp3Q21qQmdkdGw5YUxvM2hteGZ2QlU5SjJrcFZIVVZoX09BejlKRjdjV1o3bllSSDhIZjQzeDgwaEZvUGdid19kU2M4NWlxS1NfQ2EteDJsdnNVRHAtWUxWdlA4dThzU0FaOGJHdi1zRF9HRDFLenM5UVVYU0xoWEdtaUdkWVpza3VTVFV1ZDM5QnNaTG9GQ2xvcFB1ZlA5QlhBMHN5ZHNfdGFYLXc3aWRuUlB3TkdvYnpGc1h6cWUtTmx6d2U3czJldkg5eWRJMkJMczdGYTJwUkk4anFjZjdrSG8?hl=zh-TW&gl=TW&ceid=TW%3Azh-Hant,Yahoo奇摩新聞
https://news.google.com/read/CBMiWkFVX3lxTE9WbGNBS1V5eWpsR2QwREhqeFRtMUQtdk1Dd0UzLUV5ZjZ5Y0U1MDc1NW9hSFFKeGJzMzJEU3g0a2hOVmRhQzlEd3hiWEdKa3lPRDJvSkh2WjJBZ9IBX0FVX3lxTFBmR3RVYTdPelNWU0kta2VSTE1yTktYSFh2Y2thbXlpdUVhRDRJRjNXWmVPbVFUZm5fZFlOdkJtS1A2X2E3YVhEUHlhSHhsUXRZSVRwVHVST1ljOXBQVmk4?hl=zh-TW&gl=TW&ceid=TW%3Azh-Hant,經濟日報
https://news.google.com/read/CBMivAFBVV95cUxPUTdmYVBGMXprUVRkNVViNURJbmRwMUNUMFpfMXNPOTlYQmtBSDI0RG5vb2dCQXI0cUNmVTZqbG5uQzYxalA1Y0lXeERDc0pFTjAtY3JqV0d0dC1zeGVGR1NsZDF5dlQyODIyQ0FRMXU2LWFhV1VNQTVQbEItTFprM0RpZzZ3MUUydWhBTHRHb0xlR1ZVbWpBM3BsZXNsZmE3eG44QXRsREdTXzBha1ROXzJiTVh1VWRicEk1eA?hl=zh-TW&gl=TW&ceid=TW%3Azh-Hant,光明日报
https://news.google.com/read/CBMi7AFBVV95cUxNV2tFYkNkWHlfNDlxaTcxY3c2S0VKb3BVemU0d2JMTE5FRnlZbGdOY3hDalNheHI0NW1jWDFnVnd5bkFTLWtBZEF0STd1dWhtQlo3Wk1HekVNQ1VpdmRUX3NGdjNwVE13bGwyUmJJQnZVOGZYQWZVNVJ4UDM2UXcxa0lLWXJ6aklsbUNUMzJNX2RHWGFVMHVYTjV2WDZvZEZhTXhfVGwxVzlwRWExT1c4LWJzS2JTVng5bllzVVdOcS1fM19aLWdTNWQ4TWljRS02N0Q3SEpBdXYteFFGNGFnR1NtMTVlVlpUUEVmSw?hl=zh-TW&gl=TW&ceid=TW%3Azh-Hant,光明日报
https://news.google.com/read/CBMisgJBVV95cUxPQnhRTndmNjlKaVFfZzFGc2VuX2hxS2pZdWt2R3JDQUZSQmgzMUltRWJIQXdMTnR1aF9FWktqbkhLaEM0OWQzLWM1U2xlOUkzdGVOdzRMWjFscXNBbDZvQ1hpdXhKRFhtVG5VTlYzVzJtUHRveUNHQVBkMmZmdFJMNjc2MkVlLTljVVUzN0g3V1k4YkJFQm9FeHRYZm5OV2dFalZEV0VxbUU1UkVXaTNUZU5Ob09zMVhDUlNPVXpQUnJYeTdtV0NuU1lRSHdjaDh6V3JyaWNmbTJEM2M5TlV4MzNBRktUT1JGY2pRZHZlbjE5cTd0MlBvSVlQWUxaUkN2X0h6Wmt2VzY3ZGhIQ3I3clgwc0xLTHBQMVBseUw4WXhnT3h4czA3am1KMFpUeGZnb1E?hl=zh-TW&gl=TW&ceid=TW%3Azh-Hant,光明日报
https://news.google.com/read/CBMipAJBVV95cUxOQWpIb29IcGc2SU9falQyZFc3UGFfd28xWUVoUUZReW15SnFzcF9fdDZsQ0t5WXh6WE1aWXUtSXU4SzJDU3JBTzUxdjlwMzI5cEtZcEt2eVBRS1B0dHJ4NHN2YWJNRmlOdTNtQ212Wm1DNFRhWmFzdFViWGpjaHk3c3czbHJZQjhfNkFoYVFHb1dGZmk4SnBYWHVtUWx6cWhra0gxcTZsMGJQcDNib1FkdnZhd2tBX0w3SWF6RVBUYmxPYXhBd19WSmQwUGZld2xXemlhbTlnZy12VURWcEhEN1ZaMUxXN3h3Z1oxSVFfRS1SNmczV2lzUWdyUzJYLTdmQURmUnZnYm9DVFd1X080OTlxQXozVlNRdWJ4dU13RkIwQjhZ?hl=zh-TW&gl=TW&ceid=TW%3Azh-Hant,光明日报
https://news.google.com/read/CBMixwJBVV95cUxPdk9VZjZPZ0xxa05EOFJ5cmZfZ3J4M2FWZDU4cGo3bzdoUXREM0NSUF9sU0FmXzJmaDVoZmZtTzdSUnRsMFEwNFl4TE51RW5hTDVnYnB2eHpuMTZxWXZ3MDk1OWhPRDBia01NMXFZZUVjRnJkS25QdHNlb01WcnBxbGFQU1ZSNV9UemZFSFdFalVKMW9FTjhtOHZpU0RFaXdPTFZNaDBIeFJvcGpZNVhXRGlLaF8zWlZxcjJZX0dHVE0xZmZCUExlQkFDWXZocEd0MGhlRkpXX0c2SmNwSng4bTRMbGZFUHpQQXMwNVFoSWNfT0xzWURVcDR0Q1FvRDJpckxhSEQybTVURmVfSFpjWFJpeUxVWDFXYXpiU25VQ010ZmJhYjFqamZVZTVRVWc2Y29FNUdyTHd1a3A3dDZZTm40dVZvOVE?hl=zh-TW&gl=TW&ceid=TW%3Azh-Hant,光明日报
https://news.google.com/read/CBMi7AJBVV95cUxOdUlwM1IyemdPYTZaUFpYUFdqNFhtcTFSdjRqSmpQYWd5T2JHUkVTZG5hQ3FkM29MOGlaSHNuR0FLUzFBRy1FOThCeXlFVFVFQ2pyZjVVLVlNOXBxNWJrenZwM1NhSEhrX0t6RjNuV0dWdHpXQ19vY1kxbTFlNmsySnh2SFdqdDlleWVMY1dJa1VBVUtTcENlWDdvZENvS3NvUG0tb3ExTlAwVmNranFKeFBFY1lUZ29CZHZKTUVhXzVVVWJQWUFzQVdtWFFKc1RxOXdJaUNleTBWWlRrQ2dSOXQ2c2FPRktoTG14ZWZzUmZBdmZPTmlnOTJzZFUwUmctTXNzYXJ4bWlYdHBRWDQ4YXZxeXZidTRCZVlicGJhSjYxTW9uMzRDdE9rb05rTHhpcURlTjk0NDVlcHBreWpuSVA5ODdDWUQ0ZVpnQVo2LUNDVzhGdDdtd01xeGZfS0F5RHhWRkNlUFJqZ1o1?hl=zh-TW&gl=TW&ceid=TW%3Azh-Hant,Yahoo奇摩新聞
https://news.google.com/read/CBMixwJBVV95cUxPdk9VZjZPZ0xxa05EOFJ5cmZfZ3J4M2FWZDU4cGo3bzdoUXREM0NSUF9sU0FmXzJmaDVoZmZtTzdSUnRsMFEwNFl4TE51RW5hTDVnYnB2eHpuMTZxWXZ3MDk1OWhPRDBia01NMXFZZUVjRnJkS25QdHNlb01WcnBxbGFQU1ZSNV9UemZFSFdFalVKMW9FTjhtOHZpU0RFaXdPTFZNaDBIeFJvcGpZNVhXRGlLaF8zWlZxcjJZX0dHVE0xZmZCUExlQkFDWXZocEd0MGhlRkpXX0c2SmNwSng4bTRMbGZFUHpQQXMwNVFoSWNfT0xzWURVcDR0Q1FvRDJpckxhSEQybTVURmVfSFpjWFJpeUxVWDFXYXpiU25VQ010ZmJhYjFqamZVZTVRVWc2Y29FNUdyTHd1a3A3dDZZTm40dVZvOVE?hl=zh-TW&gl=TW&ceid=TW%3Azh-Hant,光明日报
https://news.google.com/read/CBMiWkFVX3lxTE1jOUZSSzBUNmlOa3NwbXFqV0RQY2hvUk9fendnSkxMWUFSRmo3d09QZGNoYzVvM2d6MWdnVy1iMmhWYTVpVEFpY3VJM20xUDloMU1ZQUdPaFVMdw?hl=zh-TW&gl=TW&ceid=TW%3Azh-Hant,Newtalk新聞
https://news.google.com/read/CBMiWkFVX3lxTE1NNEducFcyZlM1MTdZbmxPMGVncTRIdm1obnNfNzFBTzlxbEFHZjBWbWVXRjNIUnNOcHN3N2o3dzI1Y1JQQVJOVkpNN1JjTkpxMzFZWFNLQlFiUdIBX0FVX3lxTFBqRDVxLTRXb2gtSFVLbWczRUYxdWphLVR3OTFmZDRnU01UN2lfdnZvOTMwQjZFOXY2d0JBQkRsYklHbnZ0OEx0cUhBa1NqOF9HcU15UmxxRTlnZDc1d1dn?hl=zh-TW&gl=TW&ceid=TW%3Azh-Hant,經濟日報
https://news.google.com/read/CBMinANBVV95cUxOdTJMN3plcGYwOWFWNWc3MDIzQVdLckFQOXJiQmdsQ2RPMzJiWjJBU05zZVk3RU9ycHhacldfMzdoamZ5b2pianhsaTJ4MVJVZW1nTlZrcFU4N1djTVBqN0VxVFpLN3VIRmJvYkxSbmp6QjhkUWJkUExvczluUE9palZPeW05cktPTU5Fd3ZUcktQU1plc1l6M0VSTl9EaUNmY2FiVWhFajFrZGJUZmtYOUVWSGtCQ1hOZmEzcHpzVjZVNm5tRktqLUxJcGJYeFBtZDN5aElaUXhBdWdFV0FtUXE3aDVtaHRuY1gzR29fS0l2RFc2dzdIaU5mMUZKTDZRaXpHbkI2RFVWWjZ3ODFOV1I3cWQ1X3pnTTQ2Z1daRjI5WU42SGVHYmpVSTdhSkRaZ3BFeEMzdGMzUEpzWktFT2RRbGx4bzl2UllzaEtOVUZLaHdUUm1PVVhHcC1PeEJDc1Z3cnJZUUllU0VUWHdKLUotTFBHVU5FQmVRV1BnUEtsb3FOUGg0aEF1bTRGTG1Ga3RrVXlLb251M3dJ?hl=zh-TW&gl=TW&ceid=TW%3Azh-Hant,Yahoo奇摩新聞
https://news.google.com/read/CBMisgJBVV95cUxPdDhSeXQyZjNISm1DdkVabkE1YnBNdUhndTQ1OTRMSUQ0ZnlaTUVKdHVtT0dXR2g3bTVGdzVpa3RPY0Zkd2h2VkRYYXpYRzBMZWswbEVKbi16SERpVEZsbWtta1A3bFdaUWFzdXg3WERtUnlfdGtfSkVPY0d2MVl3TkM0Z2dadE1LUHVPNGxOTG4wTjNvVnI3MGtRTDR0QVBvVW91dGs0ZXUydG0zZ0FkaFUwa3VxTDNaOXVJcTB1ZjJUaHpRTEJrVmtnT0s1enRZQy0yUFI5cEwtenRjeWJsdGYza05iRHRZc0FSRlRjRWJibFk2cnB4UnR4YXFiRWpzcDNpSUFIVXdVMkRwZWJMQnBKLWZWTXUyUk81SW9UeU1LdmpwX0RjWlJkemRXckpfTXc?hl=zh-TW&gl=TW&ceid=TW%3Azh-Hant,Yahoo奇摩新聞
https://news.google.com/read/CBMiWkFVX3lxTE9lUmpkdDNaNmluZkQ1c0g4R3gtUjBJSVdMM3ZQZDlSVFlHTnJKVW5mUEFHOTlDS25FUlNnMWRVeU5NSHZjZTlHdE9LWTFfSnlwak5MbHFmU190d9IBX0FVX3lxTE9NMlJMb3NhRFhhMWlDVmpoN0xyRklhYUdrYnJTWG9QNlR1YXhfV3UtM2xDazJxZ1UyUGVUdmhXbzE5alNSRVU0RFZBWEgxNWtTZ1pNVDM4aTdlaGNjellJ?hl=zh-TW&gl=TW&ceid=TW%3Azh-Hant,經濟日報
https://news.google.com/read/CBMiwwNBVV95cUxNVW1VTC1xTWxVOFhpZHZSV3lITzNBTjN4dnRNYmdmQ0gxSV9jMExhTE92UWRkcktMT0xmbFlmcnNPU0hTbml5MDVBSDd6RFBKTk9TN2hYZW5rODRoZG1YaTkyajFHN1RqNzlKUUR0clVYZFVpMnVkNUtWVWtKV2pKTTV1SHFEZXk1UUtCSkF5MXRwV2VWdThBdjdaenRkUnhSVENGR1FqSWJMSHJDQkxwd1d6MjNDbkJlalZVcDFhWnAwV1hrU29lTkdrYnRTNV90Y3ZpUHZZMDFROEk3N0pXSXlLTzdVeHdSb3B1VWsxM1Y2b3FzTEJuQzQ1SXc0SUo1elhrRi16U3ViS05jVFh1Zmk5QnlHZmI5dmZBbmJtYlBrUGVVaS1zdmg0SkVJazRLdU5PaVhrOXp1Ymo0Skp2RlQ4dTlnTXhzckJrOWplUjFYXzBpRlhtWmZZeWU0TUc3MWJVc0VPbHE2YUhXY2ZmWmtkb0laUDN0NlF5V3JVTWpkSnQtcDlRRGFsTWRscDExTzhRc2VQelhDNlJOVy1YMHN0ZTNHZFVIbGNSNW5OZl9sZEJZS2thOVJ2Z01DWkZmeEFN?hl=zh-TW&gl=TW&ceid=TW%3Azh-Hant,Yahoo奇摩新聞
https://news.google.com/read/CBMiWkFVX3lxTE1ieFVETzVwdGUxekp6SnFRNXhHOEdIMkR2SEliY09rQ0dmM0dnZkxtX3NxUjZ4Y1h6MFRjSEI2Z0Y5QWtET1hJZF9uTFJuU2Jpc3R4OU1SSVgtUdIBX0FVX3lxTE85dE9LRERHYXl3T0Rqc2lRS2JCOHRJR0N5QlhkTVlrdGJTSG1MMXZqNFRBeU9vSzRuMU5BeU5UUzhzWkI2bXBJRXcxc3YzVE1IUm53UFUxUnNqR3MtTzVJ?hl=zh-TW&gl=TW&ceid=TW%3Azh-Hant,經濟日報
https://news.google.com/read/CBMid0FVX3lxTE1pZTJOZVR5bWJmMUs4TDk1SXZaRHY4S1FjVk9OUlRMbkRmM0l2RjRkdGpEMjhadG9oaGVkVlk4UW5UVDZoei1wQkFfRTBYdERoSkNIbGdFTUIySWgwaHl2Z3FyWFMtUkdLOUt5XzRyMkFTTFAyVUFZ0gFfQVVfeXFMTzYzZGo0M3NUVks5d0dfZW4zVDdaQ0Rac1U3eUNLYWhwZmJXNXVYR01LYUxiSlUyODl2QXdkMmx5bDh5TmNhMDl0QTVieTEzNE1KYlZtTW9samRma1lMWXc?hl=zh-TW&gl=TW&ceid=TW%3Azh-Hant,經濟日報
https://news.google.com/read/CBMiuwJBVV95cUxNZmxobnNDQTlOTERhWUxmUWdqY2hrWElhNUhKWUM2a3AwSF9zTmxBUTdGNENuU0taczRhdUgyQ3pCVXRQTGQ0RUlqLXBvMGplRXV4WlF5RFFKb1p2ejVORmpldmVwcm9CYV85amNDaHZuZ2p3ekJ2elZlcU9pa3lHaW5YZlZwWnZsN3lCc2JyZEp3djQzcDE5RUp4ZjhwV3Y2eG5tclJSdVFmcE4xOGVmSkdXdlZNLUJ2UzVROUVNc05sMXNQNm1CcnEyNmNvZkdDdlQ4cEM3SXdmX1o4WWJUbWtoMml3T2lFaFEydFkzTDl4MnRGRVRSb3laOXM5b1FwX1ktUnAwSkM0U3RVdnpaNS1vbmM4VWExSTRmVGlFNi1YNGpWd09OY0xlbENXaGNOQnFHZlhKdWZNMkE?hl=zh-TW&gl=TW&ceid=TW%3Azh-Hant,Yahoo奇摩新聞
https://news.google.com/read/CBMiWkFVX3lxTE9WbGNBS1V5eWpsR2QwREhqeFRtMUQtdk1Dd0UzLUV5ZjZ5Y0U1MDc1NW9hSFFKeGJzMzJEU3g0a2hOVmRhQzlEd3hiWEdKa3lPRDJvSkh2WjJBZ9IBX0FVX3lxTFBmR3RVYTdPelNWU0kta2VSTE1yTktYSFh2Y2thbXlpdUVhRDRJRjNXWmVPbVFUZm5fZFlOdkJtS1A2X2E3YVhEUHlhSHhsUXRZSVRwVHVST1ljOXBQVmk4?hl=zh-TW&gl=TW&ceid=TW%3Azh-Hant,經濟日報
https://news.google.com/read/CBMivAJBVV95cUxOYW51SmltcTlwUGJyaUpHdURmc3JjSWRrcHljODlvalVaTG1xa0YxN0dhM2hPZkFNd1YxLTZaQW9hY045MmxnVFhYOERwcWFMZFZ3WnpJMXpPNkFBQl9UYy13NHZETGtKV3RfTmVQMzhQSDl0SDdtTnNvZVl1ZFVSb1JSaU56bF8wckFBREQ1cEcxRUFOZjBsTHI3Um5jS25wMmd6d0hjZldENUlSQ3hfX3gwZm5zSkJZdVB4cWRVOXJZdFdKUXRoOG1YcDRIbUhLWkRNWVgwZk5Fc0xYOGRDc1NlZU9SR292Z2l1SEZxTHJpTzY4cXNjb2loMlFJa0hwUzNfNGFEazNaVlhhaFJLd2R0aEpLcXJzakcyZC1WOUZjd1ZFVHhrUEQ3RnduRW41OGtDQmI5T2NNV3du?hl=zh-TW&gl=TW&ceid=TW%3Azh-Hant,Yahoo奇摩新聞
https://news.google.com/read/CBMikgNBVV95cUxNLTlmY2hCblNrNjM1LTd5dVlva3RtTWdGT19acWtkdDBRNFRIM3B0MW5ibHBHZEl2WjEwbzdRY2ltdmVmVGtxaU8xX1lHNDZ3UW10SFY3bERvZ2tWdG5MZ3doYVNKTHRCaHdZT0JjTzdiSGE5d0dzTWpLTl96Um5hZWpmWkw4ek1LN2pUMU8yRlBERmVVU3NsY2otenNndk9IWHVhaEFtWDYzaUM0dG04Y2F0MTZHeVh6Q3NXZ25lSU9UWm5IbW5VNlFMNFVSZDdIb2tCTGhYUHZYV2JmU3M3NXV1bkhmNUUwdU5PZjQwellMcnNjTlpyWUNQallkRWNuN2puR2pROWpDNjhield6RHFGbEpDaktlUTFvci03Nm5mWjRNcVJYUWdCNmpXel9xRV9feXJ5Nm9BVWNFbEpFU01oemk2cGlqQVQtT2JEUjlsejd1MG0tSm1rYVdEZkw0bUE5OFlhWUdaRk93bnZxQ1EyemdQNXhLZXppUjVqUkg0dHB0T2NWY0xWOS1HdVl3TGc?hl=zh-TW&gl=TW&ceid=TW%3Azh-Hant,Yahoo奇摩新聞
https://news.google.com/read/CBMitAJBVV95cUxORHZHTTJCUzhhLUtFc3JqOHRhR0xCSFdSWEphcGFSM1hhaUdETEkzRk13Z2hsLVFiV3p3UFdrNlZ1QnI4UHZ3cXA2OTdTa3BJWVkwS1VOTmhsb21xZDBnSEx5VmFRQmVZYWEzNFdZUFQwQUxWNjM1YkNVcTZ3MGQzT3h1LWFWYzJmTklqT3hnb3NRcjNtUHJrdEtoRUJPVURVaUxPNlBSbkFoUVhOenhoRTZwaDhTSnl3dXlqLXlONlo2WjQ5eGhIYk1FUDZxY29zNThrd2wxVE5kYkJqeXMzMEtPMFF5SUhOZzV0emRHbEd4VmktZXVOZ0hmWk1KVkFITGNNbWNRc3FuODVRaWNYVU9jY0tVbVVzMWVwVmZmNHEtSHFmZW1taUVzdXZRWkh0NERYRw?hl=zh-TW&gl=TW&ceid=TW%3Azh-Hant,光明日报
https://news.google.com/read/CBMi7AFBVV95cUxNV2tFYkNkWHlfNDlxaTcxY3c2S0VKb3BVemU0d2JMTE5FRnlZbGdOY3hDalNheHI0NW1jWDFnVnd5bkFTLWtBZEF0STd1dWhtQlo3Wk1HekVNQ1VpdmRUX3NGdjNwVE13bGwyUmJJQnZVOGZYQWZVNVJ4UDM2UXcxa0lLWXJ6aklsbUNUMzJNX2RHWGFVMHVYTjV2WDZvZEZhTXhfVGwxVzlwRWExT1c4LWJzS2JTVng5bllzVVdOcS1fM19aLWdTNWQ4TWljRS02N0Q3SEpBdXYteFFGNGFnR1NtMTVlVlpUUEVmSw?hl=zh-TW&gl=TW&ceid=TW%3Azh-Hant,光明日报
https://news.google.com/read/CBMivAFBVV95cUxPUTdmYVBGMXprUVRkNVViNURJbmRwMUNUMFpfMXNPOTlYQmtBSDI0RG5vb2dCQXI0cUNmVTZqbG5uQzYxalA1Y0lXeERDc0pFTjAtY3JqV0d0dC1zeGVGR1NsZDF5dlQyODIyQ0FRMXU2LWFhV1VNQTVQbEItTFprM0RpZzZ3MUUydWhBTHRHb0xlR1ZVbWpBM3BsZXNsZmE3eG44QXRsREdTXzBha1ROXzJiTVh1VWRicEk1eA?hl=zh-TW&gl=TW&ceid=TW%3Azh-Hant,光明日报
https://news.google.com/read/CBMiXEFVX3lxTE85Z2w4aGkyTWFJNVNWMWFvY01lOGQ3eTlNanZYMkZYNHJzSms0Tll5aXBTSFFJVUc2Qk1jTUxHcDZCeHRSNTdpWXRmdWhOdTRfSkRDUXd6U3A1SzFE0gFiQVVfeXFMUDlfclZuNVk4cGlUZV9Ec3pNS3ZYcE54MGYwSVVvQVp1a01lbDJ4MFV1MkEwMEVyd1hMTjdpZVJOU0ZkNUJNdFRPU0RHTnQwVUJLWEM5eFA4LS02dnBpa0NoVlE?hl=zh-TW&gl=TW&ceid=TW%3Azh-Hant,經濟日報
https://news.google.com/read/CBMi5wNBVV95cUxOczE0NGdZeGJEcTBmaVprVEFHWW9yUF80WEt5bXdTRkNaeEFtaWFYSE9tdHZyZWdSMzhOZFFIZG9OWDdUVFhlOTdscVdjWVJfR3l2Nk13ZGE4Z01ObmpGU1FwbjNlcWFQcnlQTGVqWlljeWs4MXRENXJ4XzhTQ2Y4Z052TG8zcUVoRngzcGhXdlFLSHhMaWUzamJnLVo5bW4tallObGNkV2d6VUgzdTJvYmVvRGh5UjhnbGo0anRhcHRNZThjaFgtNXhBSXdNc2tYX3YzanFieGhXcm5qTUFwQjhmdDY4ZDlZUTZBR1d6SEh5azlrOThIcUFSa3hQaWNTQVc4dnRzZzB1RGRLbXMxUURNb2VCWDdsUXVsOVE5S3ZnaDNIRDdSVE0yeng4VEJONlRwVzNYd1VJanNaT29VbzZEaHRSVFo1Uy00bXpJTkE3Rkp2S1RtRDh0NWhWbXUzeE1aZmd1dzFwNkRmejA0OWJQT3Fmd2dNU1RGdTdOSzZjQUlRRE14WUFPR0htUHAwNFoyTi0tcUNnSGtPWklENHBkNEtHRThGOEY5LXl6emx3OGpnSlNLRmJJREZCTkxaa3RsY0NHcU9DVmREd2c0STVzb2V0aVY3bGlGeVB5ZVJDRkhPaVJV?hl=zh-TW&gl=TW&ceid=TW%3Azh-Hant,Yahoo奇摩新聞
https://news.google.com/read/CBMivwJBVV95cUxPYTFVM0tKRHJ3b3k4MEY5RDl4bHNNazV4dV8ta1dQYmxLVExMYUJtbmhscEFVTHNMQk15ai1SRDg0QldBdE95YmhEanlFLUJDYVBuTEtxLXM1dERtZWpQSGpURTZsT3E5Z3BUQU5TMjNTQ3ZVUGNHejNBSm1iQ1VFRlBfNVBweXdndS0xM254ZElhYW8yQkFCalNNOV9jYUdWbmFrTkhxUzFYd3ZqM2VEMWNqS3Q0Z0lmSUluV2hDYWVmbDczeVQ4cllaUUdYWnVSaGZ0SWR1YXh5YWRKSDA0NXBkdlJfM3UweklTUk5UM2daZUQwZDRZeEJ3aWpJaDJBOXhkS2o2LXd2cmF1QnozRUM3Ykx6blpUSldiQ19lVWNPODd2YUVfS3U0LThxenVFNl9US05WT3J3WkVKRnYw?hl=zh-TW&gl=TW&ceid=TW%3Azh-Hant,光明日报
https://news.google.com/read/CBMiWkFVX3lxTE9jZnpGRGgyYUl2LVJMT3ZOUTAtVVlhRmF2dWVtSGJwQU5mYmJBU1FjejNpbmsyWWRmNmZGdFRTcWt3ejJGZWNRRU9MSXhZcTIwQ2Q4aGtFUTZqZ9IBX0FVX3lxTE5TUzYwdkpGY1F5YVFTa2t2RkNyU2x3bmh5X3hzOFA2MS0xSGlpZlFkR1FWRHFsdnJBd1h3VFp2Nl82X0JlczlCdVFsazNwZzExV2Y0dkdncjd1TFVCVi0w?hl=zh-TW&gl=TW&ceid=TW%3Azh-Hant,經濟日報
https://news.google.com/read/CBMimgJBVV95cUxOcXlVTTF4a0FFQm1Tc3p3N2lwS1RjbDlHbUc0bDRnVE11WXlHZUk1TEw0dXNIZHZtRnp0bEZOc3BtU2FOdlVmUGlOQWlLMDJiRmVOTUVzZmIydXBKUHZZYVhDVFJ2QXcxNUFELXZlSkxfdE5BUUNVbFAydU1OZnRXVjhKb21GdlEwdy1RLVZ5NTZGWVN6VUQ3WWNGQ2FYcmFLdENnRDY3ME9uWS13aWJ0UlJBZzJRbjJidExSTGVHb3BfczRuVnhvbWhPQy1hN2Q4V2ZIcHJ0clpyWVlRcy00M3hXVVV6N25RYVVWOFAtTjVDYUVKbW0wMXZEblFTTVg3ZDVUbW5yNHJfZ2ZQaThFMlprdlI0aGJ0TVE?hl=zh-TW&gl=TW&ceid=TW%3Azh-Hant,Yahoo奇摩新聞
https://news.google.com/read/CBMigANBVV95cUxNZmw5UE9maG9qcnRzVFpVcGc3WEhlZWV5UTVQY29xNkx2R1VPOEFHY0paY1ZGcTdPMU9wUzdkNzdsNFRZRURGSmVEdVl3RnBseFBTSVlKYXFsOUdYOWF0VVhwWUFsUXQ3ZjdFbi1yNVRTa2ExUTkxcjE0andZc19MbE0td3pnZ2YzQkZpQ3RFaXFlSnJiaUwwNzdxV3ZQRVlNQzYzOVlIOE9EN0VZbDZwRjVkWjZPUThjVVk3WElEcF9OcDd1LUk2MjJMdDRsMmhoZTNjZ1NYdE52RzVIQ2g1TXY3VGIybnluMTB5LWNibi1yNE9LaVpManQ4SHd5QWZMblNPdWswSXB6T29NckV1dHBReml6YThKS2Y2RVBtdklfSnpva2Vpa21wOWl6TUhJLWJFZXlxUThqTVpIdU8waFVzMG9FSUdtdjBFWEg5TE1RWDZJdW83VVpVRTd2YjdybEh0ZzFuREpqZmdfZzV1UUVGYlptX1JrN2FjcnJuZ0s?hl=zh-TW&gl=TW&ceid=TW%3Azh-Hant,Yahoo奇摩新聞
https://news.google.com/read/CBMiWkFVX3lxTE5fbm45ZXZzY0VjVU5mMjNJNVEzUmpLQ2EweFgwejgzdlByVmtiakNSbWNxVGk0dW8zcGtSSlVxeFZlQVVZQl9odDFwV1ZpUzJkc1N2TndBXzBjQdIBX0FVX3lxTE1ta1BxNDhmaEtoVXVHazlIUk9UazJ3ZzllN0cyVXJ2N0ZfSGNrdWhrS1J2RzB4R0xpWWgzMVpISVJZUVBHd1RLVXBvSm00VVdyelRHaVZsVXhPUDFuTG53?hl=zh-TW&gl=TW&ceid=TW%3Azh-Hant,經濟日報
https://news.google.com/read/CBMi9AJBVV95cUxObjNYODNKXy1hcWNnaHMtV3JjbWlmUFMydmdfMzRkcUlWeXlTeFI0TER4QkhUZHhyV0ZxVUM0UDd6TzEwZ3JaYW1hbVdnR2hxdmMyWUFja3U3Y2UwS2VERmRnMURCSkVGeDZOWjV1aXhEd28xY2JqS3BsRXNyYmFOeXQycTVDMU8xMDVOVGNFelNuVC1hR1NhUXhIZTBEbmtOTm1fWlhDOGpCeG5lNEF5R3gtRnJqUXJCR1kxSXNTdGJaQll1WU9yLVZVMUlzQzBiNDBCUEIyVklwU3JtVDBPZDd3UGktQ2FJblFNd012WWZCYzZKLWlsU1RGTlhVSGxBbUF6U3VNR1RaenU3eTBrX2hPZXlSRUlNSjRpR0xFQlZoME9ZNEZDT3hmb2NFSnRqZVRZYTZsdEJhb3ZqenEtby01b0pWS2pMbE1fcnZRSTVZbm5vYnhxSGxnWjhvYUJvNkk1SmItTmlSNlZtN256QXRZRXU?hl=zh-TW&gl=TW&ceid=TW%3Azh-Hant,Yahoo奇摩新聞
https://news.google.com/read/CBMi5gFBVV95cUxQT291V1pPeGd6M0YtNE1Gd292QTVmTmJ1OWRZTEEwOUFCaTZiSGx4MjlZY1c1QzBDcGVpTm1jYXZrd2hYdWUxOHluREg2ZTFiWE84U1hfU3JYTk1oVlo2QTQtaGQxa25WcEhzX3pESFpfRmJvQV9RWTI0emMyTUtfRC1hakpNMUpqMUFRcXEzWkEyVU9iMVpOV2MzY3lZc1B0R3FqT08zdUhtYWQ0TURYQkpVLXAzOC14aVJCdXBNR2NzT3VqNEhUZ2RFRnFWYlpsaV9KZm55ODhDRXF4RFpGWUpEOHNNQQ?hl=zh-TW&gl=TW&ceid=TW%3Azh-Hant,Yahoo奇摩新聞
https://news.google.com/read/CBMiX0FVX3lxTE5LTE1mNU9BZlVoWmVIVlp3Mkc5TzF4ckJMQjJ1b3N1X0s4NXliRVBRX3VLbF9ibUJTa2lHeUl3SWJTNDN6dGhhYmR0OXQ3SkRYMmFXTWE3bWVDSk95dUFr0gFfQVVfeXFMTktMTWY1T0FmVWhaZUhWWncyRzlPMXhyQkxCMnVvc3VfSzg1eWJFUFFfdUtsX2JtQlNraUd5SXdJYlM0M3p0aGFiZHQ5dDdKRFgyYVdNYTdtZUNKT3l1QWs?hl=zh-TW&gl=TW&ceid=TW%3Azh-Hant,經濟日報
https://news.google.com/read/CBMi5AFBVV95cUxQejRfbW43MXFDejM5VEtHSWc1Yy1NV01fZllmVlB2bFJHZzR1ME5oRjZmeExCcHo1VHBuX1lYQUZ5RGRhZkRxWlZHLVFFZjB5aTFBeG5KR1ZybGdxVXpnR1ZVRmpfYjVIN2dpSHZzMngzNnFDMXBUc0ZvaGxCQ1FtTWZhZGQ1SmtETTJZTWhTOFdMSTJoM1dUNDU2M0dvZ3hfV3E2TkRKS0JWTE80eVZPb2NqZkt0R3QteXdYTGlNbHJkWDVSZ1FPLUh6bGNkMzQ4d04xZVFUbDRIU0x2UnRLZFliTEw?hl=zh-TW&gl=TW&ceid=TW%3Azh-Hant,Yahoo奇摩新聞
https://news.google.com/read/CBMikAFBVV95cUxPOFdfM2ZPOUF5R2RSc3V6VUF5NExzZHdMcXhoRU9WVW1VRVZybkZEaFY5ZVNEVzE5Y2ZzVUtfZ1NGWFlUNGd1S2ZadHB4c2diVnNhUnRfZDRJb3pFMVEyNGNNN2UtTmZ5cUpXRGwwQ1U0LW9vNVM3NnVyMzMxOWpWRmFoYm5TaWxsUWJMdkpLUmLSAV9BVV95cUxQeFJxZVdLSGI0bXMzdDN0TlNDR0dBRU5JQS1Kd1ROOXNqVy1XREk3T1Y4bVBzXzNZTDF3bFNOR1VOM0szX2JQaWkyNUdQNzVHM2U1czBDMjhlSEQ2cHZhaw?hl=zh-TW&gl=TW&ceid=TW%3Azh-Hant,經濟日報
https://news.google.com/read/CBMijwJBVV95cUxOWDZoaHRxRC1oRHFIeFJNeXhxbzJacEZvRHllTUNyZ01sQldzVWlXS0gyUlhiTXNEeVRUSXIxN2xuX2FYR1Z5UHl5OUd6aVhicmprODdxbVVMbE1lQldqdFhyQWhnOW15R3drODlvaThCSGRzSnZhRlRFZ09NeGZmbjNHejJaQTM1VFFSaUpMNGlCZWJTN1VpVVZyUnp1MnY4RnJxMXdMNzh0RVBVdjJ4dU9ZSWlwbXdBek1pR0lFbUNpSFBXMHhOVVdyOW5jMWZCX3BxempmTnI4LV9ya0pITFR1aUVJMkxTUTBIaEs4Q251WUJEYVFiZjdqbmhVcC12ajNYQTJiMlhDcXF4Q25N?hl=zh-TW&gl=TW&ceid=TW%3Azh-Hant,光明日报
https://news.google.com/read/CBMisAJBVV95cUxNSjl4TVJUZ2hpYTJTbFA1eWJzdXdrUm5qQkFvd19KNk55ZEhBd2h2MExHWjFTMkE0M214LWxCU09paFIzeFlBYjdUcXZXR1V6TDI3MGZUV0tENjJRc3FGdHRPcXA0SWp6MXJYcUdTeWljaFNIekRNUGdlSi0yNXhPeDc4b3BvXzZqZEJvMmx3eWNMUFZSYmhwZzAtSEhmMlpGb3o2TEVNSERkM05ubmQzc25xcmd1cW52QWp6VlJiSURLdjlXV1dkMjAzY0t0clNPMnRxVWhDZHpEa3E1Y0lBOW9CME1OZldYU0VCUnhiV29JMk1GcmdJS1k3VlJyU1J5RjN3bEFJR3dsMGZEa0ttQ0ZaTjhUQ0d3NUN0Ql9rVnc3M29DM0xxM1RQT0s0aVdX?hl=zh-TW&gl=TW&ceid=TW%3Azh-Hant,光明日报
https://news.google.com/read/CBMitgJBVV95cUxNMkJqcnBDYUVhVlRjSVFsRnJXZGJId1pfQ0J0eEZnZnF3aDlNZFhiTFdqNVYtLUhGTVJEN0tTVnNTWEJBT2VJS3BuS0FCWF9Edkcza3hYQ21SQmhmMU51eGtpd2Rzdnc0RnZLUTNCckdnSDdKQXJDOWQ3T0pMOTJSWGlMcVRLQTZZYUVhM0JfczZGcVBENGJ0UzF5UFpmWncwNnNzb2JtQnZqOW5QYTNLM19pdHRCSDJfZ05pdTFuTTdCWU5ET08zYjAyNTlLTXFJR1VqVEVXMm1KS2tTWEEzbE9FdHpycDZOV1diWEdIMVRENHhIeGpkSmIzNzdDM29nNUZHOFNIS0NORmdYdzRuVDlEWkk2REU0bGJrUVJ6bXl6NmhRZGE1WEJJaVk2NkVyM1BfcUJ3?hl=zh-TW&gl=TW&ceid=TW%3Azh-Hant,光明日报
https://news.google.com/read/CBMitAJBVV95cUxPQUFtRFhCcEpSXzJXVEJ5RjdmT3ktc1VIV09aLVUwWTRTal93LVBMTU0zMWVDdEpoWmdBZlNxRzJsSWlIbXF0alhVRkt4cGh6OFQ4RHpuUUNDbUo1UXQyUXhGUHFpUk5hbkV0WE85bzRVX1laeEpaXzYyVWVlc3p3V1g3RjdKUFZGMlk1dG9yRm5ydlBHYmRDUDcwVVFGUW9yUTRDcl9OMXBaYXpRMm1IMlpqTHVmMTh2dG91SkNCOTRzZHY4R3h3SEYtbk4xYzh0Y3RvVnBEZUQyUC12dEtUVHJraHVtVDJOc1FJME14dE1RemZ6NVREdjlSVHhnRFFweFp2ejE3bXJPZjhuWWVPSUt3a0NKc1BsaktiZTRYQ25uUUc3ZmJXZW5Tci1pT1FLdHlCUg?hl=zh-TW&gl=TW&ceid=TW%3Azh-Hant,光明日报
https://news.google.com/read/CBMimAJBVV95cUxOYkZkcmVUaHE1LUN6SVpGUnoxZ1hueXJ3dDBYS2FXbmpkaktJTEtLdWtONnRHZU94TUpiSk5vdER1Z19YQnhfMjZsOTE4b3piZnQ3cTdHOXF0c0FmazlPV01OajhOd3l4UVNEVl9kdVJQZ0tFUjhubDJYQlZLb0NVNHBJQ2ZwbXBFZjRJYjEwSXY1QUpEMy02eHdTOUJzcFJUTVF2N1V2SEJEWDJPR2daajE4cVNvWVNZQ1JkSXhaLWhNaUhZTUpsQm4zcExaSGZCZi1Jd2c5YWIyeWhFU2lGOTlPMG5qanpkVG8yWVNPYkk5dTRVUmtjX2p3NkVUWDVjQ0pjT01BbjVvUVBmYkt1Nk92M2x1eFA0?hl=zh-TW&gl=TW&ceid=TW%3Azh-Hant,光明日报
https://news.google.com/read/CBMiiwJBVV95cUxQRVBKNEN0TWtoSWtoRDIzSTY5ZlYzUnJ2eXpUNTZDY0FLWktGQ2pkLU9NOHFUZ3p0ZkdkOEZGcTkyU2hxNnNmVTc5V0dGZEgycFVQVUE0NXRmZ1N6Um9XZ2psMXczcXpQQXJ3RkxhbjFMbEVjM2o5NXRSU3RGOWFPZGtPX0lJM2pIUVBSUEVZSEZMOHk5NzQ0S2hTeWJxYWpsNFV4c3pDVzNIQTZzdVQyOGdIRGxpS2ROXzdaV2tmSmZoN250ODYzZjl5Y2pZRElsbGZQRUQ5ZVotT2wxNHdoLVdjWGZvbmVYZTRBV09vdlZhRDJKOWVaTkpTM192YXdrU1AzSGd0V2RpUDQ?hl=zh-TW&gl=TW&ceid=TW%3Azh-Hant,光明日报
https://news.google.com/read/CBMinAJBVV95cUxOVm9CNC1IYXl5ZVJCbWtrTmVZZl9vUXRfUXIwTWRaeDREaGJEQTQtRFo5dnVwazlNUFNxTnV3bjN4SUpwbkFuNUliZXlFd3lhTmgzM0R5bkZBVDNXM3dlS1YwR1puWTZXUEZyLXlrU0VEYTBpdW9rV3JyOWpHcTg2MGtqMkdSQ19aN21EdzllT1RDTU9BZWNweDRwV2lXbmJBTmZkeEQ4TmM1c0JkczdjRlFfN1FJYnlwaUlfb3plX3BVWVRmOEhiQlJQLTNBd0VCb0dPVm1RaC1VR211cjQ3d0dvZVo1VlVMYVJldUwyXzRfbTlZUmFZRDhVVkUzU2RIZkttSUc1T25LNUZzVkdxRDZJRHNYdGFMNjZMcQ?hl=zh-TW&gl=TW&ceid=TW%3Azh-Hant,光明日报
https://news.google.com/read/CBMiugFBVV95cUxNWlJ4cUZWMmhEbm9XUEJpOHFXMndYTE5BcmpfNFZmMUVLQWZWSzFiRkFzZTEzbWRYQmstcUdleU5lS2VUR0oybzBrRjlqQWZrSmdYUW9lZUV0VnNYRU4xcVh5Vzd0OWVjY3JLdUMxdzBjaXdNRTIzODJ1alZXanFYdThQZmRLX29OWWFFVF9xSF9vdWQ3ZHUxaTBWaHljOV9LTFotUUlZcnFTVUFHRlltXzZtOUJqd2VQOEE?hl=zh-TW&gl=TW&ceid=TW%3Azh-Hant,光明日报
https://news.google.com/read/CBMi4wNBVV95cUxQVDdvV081ejJfdlh1UTFUakNHSk9uclRBTU9MSC1PUGVULTlaS0hHblVFSWlkQUdUenlnU0dKWnhjNnpCNnJsTUN5UE1ZQUdSNnYtdFQ1b3NHZllaOXBCTmlwMmtqc3llNkZLT2U5XzQyRzVmN0lfSzZtT0lBei1Rb2VPUjN6cWlxT1ZnOTZlbzZ3T3JWSDIyeGM3dzRYTG95bUFkQ0VnZ19TN1JIU3FwWHdWdnVhd3VxSF9yY3BnU1FuOFo5OXQ0b3ZuMFlaR3RIenBnckU4dUh4SDIwTFVPZ0FaWUI4VW5kREFPdXVfVV9ZREJ6NlF5T0NETGlNay1mT3U0ZWxzd3RCekdvTEJITTRmdmNRUmJRdUxIQV9nVGJ6OEU2UXFrZjI0NS1CV01wdVYweXJTbHgyVnZTUlRVVGl3bElLVDNUQWlzWHZBYjFkWHdEanVNT1Nqa3JfMHBOc0tZRWdPV2E2dVpyNThRdXcteVJTNEFibHFYWndBZlE2MG1xOGJNWFJuLTU0dXczM29EZG81eWZpR0FnOHhuSjNUb05MS0dhQnQtY2xDVUZNb1RYd0JZSVMwQ013QktKemRHVWt1VmRWTWQ4SDZMam5uWEVEWFVSSGtIUlU1cFhyMjg?hl=zh-TW&gl=TW&ceid=TW%3Azh-Hant,Yahoo奇摩新聞
https://news.google.com/read/CBMiWkFVX3lxTE0wQmluTnhZejlTczVhM1hXU3dGaUFnUnFjdjhWYW56VGZtYkdaY1dpNWRNOUlwSGhQTndvNUZqQ19JYXZOWmFkaXc1WUE2S3BmY3RSZGlJOHhvUdIBX0FVX3lxTFA2cEwzRFEwYV91UUx6MFgteUswck5kaTlyYUtiSWdkdWo1Y1IzNnZENEwtZ0dzU0UtMExvMWNVRjBNc1E5NFA3ZVBudVY3d2xTbVVmd3h1Vm5YTnl6RFZR?hl=zh-TW&gl=TW&ceid=TW%3Azh-Hant,經濟日報
https://news.google.com/read/CBMikAJBVV95cUxObzhlenU3SjN0dWpBREk1Z0hDcWZSclptSDh3YWZ2Mm5iclhIaUhRSWdRMmQ4ZU9hSVYzOHNDUFl2UWRhLW9tWk1HZWRyczl4R29BdnRVbUw0YUJXWWIzUXh5MmJscFZ4dnFhSktaSWxoTi1jY2F4a2dZcW9mV1J2ZndyS2FaZTB1ekZGOUhsZWdZVnNzVW5ERTI1c25nY0pyRFBOOE8zSXFVYjZZN1Q3N1BVTk93b2RBaXc4S1loVU4wU3dFX1FMb2E3VzVQZ2Zrbzk4TzZTb1lCeG4zYW1udDRjLUlZck10bWZyN1RTWVpGRjlQa1RuYnp0VEVQa0dZaDNxWjlyUG1UVG1nRnFGSg?hl=zh-TW&gl=TW&ceid=TW%3Azh-Hant,光明日报
https://news.google.com/read/CBMiWkFVX3lxTE1hNVcwWUdoR2tReElaSWFQamRPb1NaZmtROVlWR05TQWRSZk41MzUtT2dndk1IN2V5c1BERmZ4RDFJMmtHUTM1eUc5ckRXaHBaQWdvMUhpSVRsUdIBX0FVX3lxTFBuME5adUVaNUU3a3lJTm5ZWlRHenZqakxQaVQ1dno5T2Q4a3N6NVplS2ZhZWctbnZ3NFhtakpnSEg5dVRSQm9HWjgwNUxKR0ZpU3UxbmVSOHdIdlY4UXFr?hl=zh-TW&gl=TW&ceid=TW%3Azh-Hant,經濟日報
https://news.google.com/read/CBMioAJBVV95cUxPVGRZLURSSV93UlZZRWl2M3hHTWFlR2ZCNjNQZDFGNjg3Zy1iVnprNHo0clE5WWJ4TmZocVluNEZPOG9NUkhoeWhwckt3dE03d2JXeE5QNkFqMHlTWElVUlBEVEZ1SmZBRjR1VExzZE5Qa041ZmJsR3ptY2t2WGRDTWFBZU9ySnBMQWJZbEd2R2JGdmZaYkQwUTdPTVZmZ2gyRWhMZlAwV09wbmo3dTV1UFZKSFA4MDRweU1uOTdDLU1BVlFPWGVQdHRJanFTRndDMEdVNUtISEs5dUo2OHI1ZWJQU3hveUQ3X2U5YmJNQzBPS25hZU1XN2NfLVJZR3l0U2FoNS1xRWNpLVlKWWx1VUVkZHhJZi1uVHJmajhSM3Y?hl=zh-TW&gl=TW&ceid=TW%3Azh-Hant,Yahoo奇摩新聞
https://news.google.com/read/CBMirwJBVV95cUxQSExKRjVWY1EtSHVxdmU5Q3YyUDVPTnpIVW9NSUtXaDJiVW1TR29JNlVmek5HRUhhU0hhdldyZUJpVGZ0RmRDNWhCdWJjeW9MMUNtc2h0czZjN0U3MjRYcF82YVJZU3FKMVBsT1cxbGFnamktSTgyVk5Ec0kxUFNoZkNKUGg5WGRzNmx3Q2pUOWRNV2lrNDU0NGhEeEVBYkxJM3lZbXZPRlJ2cnlLVEl6Rlhlc0ZLektlTzBMOGNfSG9HTEVQa25vSFpqdy0tVmdvNGlQNFhGYjV5MTZqUWdfWkVndVRNei00aDI2Tm5jOWlGZEJaNFZWaWpSQjllX3B6NjN2MFBnUHJaN0tIMThFX1RpWlhpcWxySUJFSV9PRGJob2dEWGRYaUtxTnhCcHM?hl=zh-TW&gl=TW&ceid=TW%3Azh-Hant,光明日报
https://news.google.com/read/CBMilAJBVV95cUxORzNQUzZmY21JcmhqRTRfUE1PTEdtUWNHclhpcEdjOWdBWWZPclBaMU9lNFNybG9NZkpjaW1IOWo3Zl9vSGxRZ05Sei1VU2tyYTZINjZDOFNFQWY4d3diYnpkc0NDY2JNdTlzUGRHUV9aOGlQOXFKcWVIMmQzQlJIZ0RXQVdwenZ6TTVBMW1PVjAwSWJnREIzVUxBV3ZHQUpqdS04SDB6SGZLY0hjNEhNVDB1OURFVXlzNHBDVVFWWmVJUkxXZVB2aUlQUkZOR3lrdVVmekxCQ0FJa092aW5TS3B2djFzVUM0cU5WYmgxYXRQQjkxbHZWLVAtTUVlWVRJM3lydHBGY3FBVWFfRzBFVlIyOW4?hl=zh-TW&gl=TW&ceid=TW%3Azh-Hant,Yahoo奇摩新聞
https://news.google.com/read/CBMimgJBVV95cUxQNy03cWxWTWk5SVhtMTF0cnE1Y09JaFRWYUtxb1U0WTdfYUpLeVMxaEpyeEJLSkZqN3U0c1A5VnFfTTVpNm12U1lJTmFRUXViQmgyY29JX3UydVhOcFd6czZ3ZVBXcGtLbHJ1X3htTkl6ZUdfN19lUU5lQUFUd3BIbElmZmRBWHJ1b01QU3dvQ0xxOEhKNTBVYnFuQUpSbmdhZHlXOUFGSTlCLWN0UDVvd2FrQVFtTXllT05wQlpIOVR1NGJWaXdqN3huRFZSendEOHBSM0ZRNUN3b3dVV2s0eUZjTlhJMnl2Y1NJOC1va1RpTmhKSnNWOURFWlRhY0liQ3otUkVaWU82SE5yU1J1V0hUUlY2ZE1sUEE?hl=zh-TW&gl=TW&ceid=TW%3Azh-Hant,Yahoo奇摩新聞
https://news.google.com/read/CBMiXEFVX3lxTE85Z2w4aGkyTWFJNVNWMWFvY01lOGQ3eTlNanZYMkZYNHJzSms0Tll5aXBTSFFJVUc2Qk1jTUxHcDZCeHRSNTdpWXRmdWhOdTRfSkRDUXd6U3A1SzFE0gFiQVVfeXFMUDlfclZuNVk4cGlUZV9Ec3pNS3ZYcE54MGYwSVVvQVp1a01lbDJ4MFV1MkEwMEVyd1hMTjdpZVJOU0ZkNUJNdFRPU0RHTnQwVUJLWEM5eFA4LS02dnBpa0NoVlE?hl=zh-TW&gl=TW&ceid=TW%3Azh-Hant,經濟日報
https://news.google.com/read/CBMi9AJBVV95cUxOWENPbUo1V1lVNDJhd0dMZzFFN182emdHNHo5Q0VUb1dEUkZPOHVnWjBLdjBJV2Q5MVpwaEdacWpkZm95NDZodDN6eWd3RnFueXY2T3M1QlNVbVEyRmx6T3NNbEQ3U25wZm9oeldtS0tfc2t3cEFKTERvTV9DZlhZWnZaZDU4YkhtZ0lncmFQYVV5UWNOeEY5RWJ6dXNlN0htNHFlYTJkcUxkaXRsNDVRWnZBSFZadXNrb1gzeEM1UGNwWDhOMkNFSU9NcHd4UmVSMnplVTlMSkFQdjQ5c1lFel9UeHl3eWM5ckdNcGhCYVMzWE5kZnBfSGctd0FDekJ1WGRMQ2tuQjN3d2ptR2hUZXctbkhXZkUzQ01JTEZKUjNmcjB4cV92Q3E0WGxyTUp3Y1A3cEJqY3diOHQxTmxNN2NhQ1doRmYxWU5TRnBpdTBMd1JmREdXSTR4NzBwWU93UEJRN0c0bVAyLWU5T0FKYmNZUjg?hl=zh-TW&gl=TW&ceid=TW%3Azh-Hant,Yahoo奇摩新聞
https://news.google.com/read/CBMiXEFVX3lxTFBoanlUQWZhdHpWMGJmak8tVHZqaGxZcnNTaWZuWXJTdWVGU1U2dVotZ19MS0VzcUJjdW5nVEI1bkVHdm4xRlM3Ry1pRGlLM0F1dGdmZkplY1lvNFgy0gFiQVVfeXFMUG5tQVNkS3Q5eTVwWjRPcWZlU3pJRlFrTkJhbnZHaU5rMkFIbEpITVRtb1M3WFByQnZRMlRKRERSWWw4dHJEQ0xralNwbDdLcVlFRUlxYXZJMGZ6enc4MExPWGc?hl=zh-TW&gl=TW&ceid=TW%3Azh-Hant,經濟日報
https://news.google.com/read/CBMiXEFVX3lxTE9LclktZ0pNVDU4YVJyRFQyLVlTVkFUb0l6T1dvSktPa3NteUlrM21xLUVoVmhKYTdZaW5yWVVJa1ltVlVXWEpUWXQ2cXZjTzhFb1RNdWRyclhKY0lZ0gFiQVVfeXFMUHpzSG80a1VGUGlNc2l0VXc3VmJTZEViRXFqTzJMOGF1OU9GTkNtOE5hLWxfUnpJYVJZbklPVk50bmE3eEtTNzBsaXZIX2MyY3lUaVhEbkFRenhvamR3WXpqd2c?hl=zh-TW&gl=TW&ceid=TW%3Azh-Hant,經濟日報
https://news.google.com/read/CBMiXEFVX3lxTFBLX19HUV9GQ0RXQnh3d1gxeE5CalJvampvRlpIQ004S2lfR0NwOWptbUJNclB5RUVDM0VTa0xyX0FVdU16bHdSU1hIbjlRVnFmdldlNElkZVgtX3lC0gFiQVVfeXFMTjN6cG16OEdDYUlQYUNsUkNwUUZpSjdIeDlRQm5jb3VCTjNVeDBnOWk1bUZHamdvY1V5Vk1sMTYtaXBaenZuUnBseDdCcmc0TUNzUWZIN015WWc3Vk1vSDg3eHc?hl=zh-TW&gl=TW&ceid=TW%3Azh-Hant,經濟日報
https://news.google.com/read/CBMiogJBVV95cUxOM0QtZmpfYjdVV1p0d3d6QzAzR04tdFBOLXd0aDBocVZpVFlMaS1jTEl3M0RuYjZvYU5ldDNGNUVHSUhGZUJtV2QwSXFSNGtTVU5CU0R2WHVpeVgzUW5PNXcxRm5NNHBCc20wT1FSQWM1MFRlNXZRb3UwdzBEc3BVZ3d5T3RNXzk2WGF5anhkMFU2dnVVY1dQSkZORHEwRVBPWFQ4NDhOTkFja241c2NPZGlPdm5ZTWFGVTRVVm9idGJhSGVkenQxSjc3am9ZRW9Ua0pCaU1QeUV1eHZ1NHpJZkthT29FU1owVVZwdTFZS05vX3Rxd21ub1FxY3pzY3ZNNWFLN2ZqSlNZcUJ2UnZvdHpMakpYTWdLUHQzTEJwbVlpQQ?hl=zh-TW&gl=TW&ceid=TW%3Azh-Hant,Yahoo奇摩新聞
https://news.google.com/read/CBMiXEFVX3lxTFBMaDh5SlJYdjIzblJveEx5cElUemNFd29NbVRjTlI4UGtUSHVWNms1WV9JN3JHcjNaOWliclBvOGI0aWpZLS1rSHNvLVZ3LW9yQ3pCUENiUUFiZDRm0gFiQVVfeXFMTkVwQktTel82cFR2OGpBblVqSXVYdmloWnE5eVI5RHpxVk9QWWo4cnBNOWtVdzd2NnFLMUFXTVFOTmx6X0x4RmhpNzJIbFhPU3FWX2Y0bkZxZVRVLVBfYWNTUXc?hl=zh-TW&gl=TW&ceid=TW%3Azh-Hant,經濟日報
https://news.google.com/read/CBMiXEFVX3lxTFA3LXhiQU5oQk8xLUk4Nzk1a29uRm1oSkc1T3FacHV6RS1DWkxEMkRpMTVxZDA0blNOeW82ZTJxZGdRalNXTTFYd0VqdVd1TW45YjNNSEYwOTZBSXBO0gFiQVVfeXFMTUpIY3AyalVXbDZCT3g5em16VTF4eTlRejJtbUJRWkE5RFI5cTJnZzRkVlk5cHpIZWZUanJrV004aEFONU1uMldpMWRPVnRtaHlCZzh2bHNVaU5obHV2VERrNGc?hl=zh-TW&gl=TW&ceid=TW%3Azh-Hant,經濟日報
https://news.google.com/read/CBMiXEFVX3lxTE94cUo3WGpkUUJHa0FrSDVZVEdhdF9INmlqRkY5ZEt2MU91emlOME1mWW9tWUw1d3BHX3o4RHhmclFFdF9mSnlkU0t1RTBzanVEdU5HTnlNeGtzazFK0gFiQVVfeXFMT0R6SmhxU2R3RmNWOGpSVHA1a1lMVW5VczZvSm9VYVZaRC1VRWoycWZkc2N2WWVURWtSUU40YnJBank4R29wNGh2TTEyeTVqQU5aSjA4UVg1dXdCX1dMeDhJZVE?hl=zh-TW&gl=TW&ceid=TW%3Azh-Hant,經濟日報
https://news.google.com/read/CBMiXEFVX3lxTFA4N1VnZXpsNS1YejVzWEljS2FRcUZtTE9ZcXVDZTdtS09PRDdoY0tUSlQxY1R4OGdUNnV5aTF2UzNyUEVheldqQV9nSW1hczFjLVI4eXludV8xYmgw0gFiQVVfeXFMUGFjVVd2TEtqWC1UQkxwUThVVV9xNXA2cUdNS2hiYWpxV0R4bW1GN0Z2UFQ2VHFsa2RLcm5ka1dXSHdxMzMwc3lpUmp6QmVrejBQLVktWmM3ZXl0M0swMzVyWmc?hl=zh-TW&gl=TW&ceid=TW%3Azh-Hant,經濟日報
https://news.google.com/read/CBMiWkFVX3lxTE51UXhaWE9sd2pyX0pVaW1TbGE4RVRGQ3RDZGI0MGJCaHBMOXNLdWk4NHpjbGYtMlFJeDZsY0FpdFFNM2hsLWZMRjIxMmpxS0NZdWFLT2VYR214Zw?hl=zh-TW&gl=TW&ceid=TW%3Azh-Hant,Newtalk新聞
https://news.google.com/read/CBMiqANBVV95cUxPb1dlMW41bndSSDZTaU5ueWw1YXBheVFmVzZoUHg2Z2ZlOVgtS2x3SjV6RkJrYU1SZFRFcFduN1lqbXVPbU0yZ05qZGJXUGxEbGxvOWFKdm5UMzRyR2s4Q3pLdzJoOFczMWl2dXlZV2E0Ukw2S0k1V3Q4N2JiVERBeXlXUEF6SWowX0g5MVdMTlNuNTdYNzFNeE9UNm55WmxhN1U5T2lOeUxlelVxMUZaY1Z6V29WX2hjYVRLN2tfUjlPX1VQN20za3R5bmxYV1k1Y1V6dnJSbHdsREI4aVJ3akZVTmpZM1IyT0ZESDBkZzlRcjBjb0x4U2tuNi1SZkRUcER5NmhPcXBOaHB2S1JDOEZVY1p0WHByZnVQSW15THdvWTBoUFNmc0hURUtRQXpEdGJUZmlPSnF4UEVXWnlzRktKVWd5ODFtZTF6VWRBZUZEd1FlMVh2WFdMZjYwZ3RWemxjUDNfNF9ySFNrN3I3M0piaTJHNVZfR1BVbE5CRllSR0xTRGdtbWdkTlZwVWdqbFZENUZUdWlDazBYajJwQVp3UVpsY2xO?hl=zh-TW&gl=TW&ceid=TW%3Azh-Hant,Yahoo奇摩新聞
https://news.google.com/read/CBMiWkFVX3lxTFBwdnNWQTZzSTdjZk90WjZKOEtIYjY4a3d4YTBfN3lzU21jOVBWZjdEbW9HV3cycHZtTy04R1E5ZzczbTQxVkVNazRtZl9HQ1pRWHBhNXZSanlaZw?hl=zh-TW&gl=TW&ceid=TW%3Azh-Hant,Newtalk新聞
https://news.google.com/read/CBMiWkFVX3lxTE1HTnZNWnJzTzh1SVpyMDIxYU1qemJCTlUxa0ROX3B2NnEyZ1REeVg2TC1nNkxVSklOc2tyM3ZzZFVsdF9IdnFPTGdqcnBVVnZVdWJlcFhPRGZ2QQ?hl=zh-TW&gl=TW&ceid=TW%3Azh-Hant,Newtalk新聞
https://news.google.com/read/CBMiWkFVX3lxTE5QRjN5TVRyN0dqWG4tXzE3M0hjeDFqX2ZBUEpZNDJmMTZlODY4MHJZaTRMbjZUcVd0TGJCRThCVjVGX1dWVzFtRnpEcy1YbVBPVUZBVW85VVNtZw?hl=zh-TW&gl=TW&ceid=TW%3Azh-Hant,Newtalk新聞
https://news.google.com/read/CBMijAJBVV95cUxQYlMyTGcxREpScEVjSnFzOUNOekE1R25DdTNoV0JjcGF3MWN5aWVyeHhrNEtGUnVQMDl0NjNyQ2t2TFRnVkY3NWpwOFF3M2NZallvMUpXWWN3dEpjMFU4NWtkam9Ec25PVWJOZ2lTMDdLejhrTDRVRnNRWlh0RlJFQVd6MXltQ3o2aG94MVN0QzV1RWVNYWdJWmtNX0VPZFh1MWZQckN0MFlCZjhDM3gyR3hyLXE5NE5rQXBaRnZ4R0xKdzRZOXRIN1YzbXp0NC1nTGpiMUoyb2kydTROa0d5SVBIcmVYakZhNzlSd2hYTnRFakhPYld5dEh1c0g3RjZRc241SGpiQ1dDT2N5?hl=zh-TW&gl=TW&ceid=TW%3Azh-Hant,光明日报
https://news.google.com/read/CBMipwJBVV95cUxNLWdEVlFhcUpFejZmU1JwYlZ6OWJLVVVmYzZEWXliYUttcnNFM0FlVEFkS1RhODh0ZVQ3N3ZQbUFmeGIwZ3lXVXRSenRQWXpMMUpzSjBhUjVPRExiODJyemgtcnI3SEt6clJtZXRpdmx5MEhjanJ1dUNZVDI2M1lyNzNWMWJhNnhEYWFBMEpURjIwM3pLY0QtWk5nemgyTW1vR1hoTTd0eUhDMHVhNl9pdzV3OHhKazhRckZPZnRTTy1rcG5NRUdWajhUcHlGN3c1bTgtcE40SF9RM2gwcjAxVXdsMUpoazlHd2ZKSGZNeTZhYVZhRWEwbkNFRFlLd2N3Z0NJSkVDb2FmMVNRMUNzbUlzV2ZSUkoySlJrcEdHWXJoMmQ2NGZJ?hl=zh-TW&gl=TW&ceid=TW%3Azh-Hant,光明日报
https://news.google.com/read/CBMiWkFVX3lxTFBMbVBGNHdyNEFOb3BBSEVjVFQwa1ZNTXZUUHZVcmRpbnhDakJaanhrMFRHMERVaVFEVmRjdDd5NEtUVEtmNzJNZ3VVc0ZseEUyR19pakFGSUcxd9IBX0FVX3lxTE44dVR6ZkJyQUFFMjE2RDVnc1hDaWFPbzJ4NmVGT0R4UzBtN0FJemRYalM4eGZkbEowT1RzNkNzbE5NT090ZTVDSUxEemYzVFpaWUk1VlRhX3VObms1YXcw?hl=zh-TW&gl=TW&ceid=TW%3Azh-Hant,經濟日報
https://news.google.com/read/CBMiWkFVX3lxTE5QRjN5TVRyN0dqWG4tXzE3M0hjeDFqX2ZBUEpZNDJmMTZlODY4MHJZaTRMbjZUcVd0TGJCRThCVjVGX1dWVzFtRnpEcy1YbVBPVUZBVW85VVNtZw?hl=zh-TW&gl=TW&ceid=TW%3Azh-Hant,Newtalk新聞
https://news.google.com/read/CBMiwwFBVV95cUxOZTlONlpZNEZmMVZ2NEk1UGJWT2NFTHJtemhHbkEwSHVvb1RYWE5WMWlwYzlDeGY3ZG9tVEpvVU0wMURqRlVJRHZMYzAxMVY5U0EzZU1tRkNLSVV0YXhNRWZjYzdlc2U1aFpMY0UyQ0U2TG9BOGtTUGxESlpISnZkem9pZXBVVXJaZ1hDX04xbjk1MTBSOUJ3U3YyTzZIaFVhUmY1VFRBd3FaVTdlclYxTURHTkhhZmNCNk1lazJNYVExWVE?hl=zh-TW&gl=TW&ceid=TW%3Azh-Hant,光明日报
https://news.google.com/read/CBMi5AFBVV95cUxQejRfbW43MXFDejM5VEtHSWc1Yy1NV01fZllmVlB2bFJHZzR1ME5oRjZmeExCcHo1VHBuX1lYQUZ5RGRhZkRxWlZHLVFFZjB5aTFBeG5KR1ZybGdxVXpnR1ZVRmpfYjVIN2dpSHZzMngzNnFDMXBUc0ZvaGxCQ1FtTWZhZGQ1SmtETTJZTWhTOFdMSTJoM1dUNDU2M0dvZ3hfV3E2TkRKS0JWTE80eVZPb2NqZkt0R3QteXdYTGlNbHJkWDVSZ1FPLUh6bGNkMzQ4d04xZVFUbDRIU0x2UnRLZFliTEw?hl=zh-TW&gl=TW&ceid=TW%3Azh-Hant,Yahoo奇摩新聞
https://news.google.com/read/CBMirwFBVV95cUxPUTZMMklwZTNUVEQxS1d4RTFHZjdkMnFvTmdKaGRHMk9ZcGVuaXl0dlRETjJLWVlDYzJWcEtBV29jUm51Mk9rbHlNVGVtblZHYm8xTVlETU9xc3hhR28yOWpEbWxSc2NPSXVYaTlyMFVPdTFWNkc5bWpBcUQ4dVZPZnVnWDk1em9hSEdWSC1MRUhYcU1ITF9zUWN3cnJPdy1ZdGprSWllSWJiMXhSY2Jv?hl=zh-TW&gl=TW&ceid=TW%3Azh-Hant,光明日报
https://news.google.com/read/CBMiWkFVX3lxTFB4YzNNOEIyNWVuNVpsOUptS0swaUszVk1sRVNYQXJqOUR1ZUFYWWZJWi1HMXVaRWpZeGM4cXpaT0hFZ19nS3lNQ2VYVF91T1N2YlJPZzdXUk0xd9IBX0FVX3lxTFB5VG9tSGhwQjNIb01CZUhFT2FUcXdBMm9LWXBPWDZaa2NZSWJxYjRoMTFWT2ZpSm9qSjZ1Z0hocnpYRjBuVWkxdFY1MWt2aGJxeEx6eWNualNJV1hWR3NF?hl=zh-TW&gl=TW&ceid=TW%3Azh-Hant,經濟日報
https://news.google.com/read/CBMigAFBVV95cUxPZjVvVXdmQUEyM0tyYlFmbHZ6SVBJRk1IZkVIazRUU01NaE0xUlFZY0lkT0tpZ0hpdUU1MVNKdWtWUlNSb01ia3lza3B1RGFQQVRTZTl5WWQ4NGhNSEc3Skppd1p4bkpTZXFwazhFV3hRZkxwYkdJYXFrS0EydnlhbA?hl=zh-TW&gl=TW&ceid=TW%3Azh-Hant,經濟日報
https://news.google.com/read/CBMi8wJBVV95cUxQVWV0TS1SOXlENzA5dGpac0F3VnFFWUtxck8zdkFOMGV0V3VYeWtUeTJGOEw0U1NFS0RyRlB0c3JZSm05QUZzbWdLUzBVRWNDS3NQeGNKY2FOR0pELU1fM2tsYndSMl9vRnRpTXljUEd0T3prd3dESEIyM1E4MmozMjRYYk9nUHgxdTFuWjhNcWxkckhmVUVrS2Z2c1h6Y2tIMklOR0tEZU0xcVF1VUVpcGhmSTZGc2RMeWZYX0ZDNEFXOU1xbU4yYkRUc0FsLV9qelo0Uk5kcmxnWW1abkFueTNVVDlQckU0dlVHcXFBN1F5bGEzYnBvaUJoNkVwUmVZVFVoeWw3aW5rTnlCUTZUSHRvekRnYlJfM3R0b3Y3M0N3YmxkYVduUUR0YkhIXy00eXpTZkdIQ1NJcUVyTlNJcWRmdXhWR1o0TnlaOTJBb0Y0WW0zYjVDMmo0a1VOU3dXZnlzQVZTNHhnTHZwZlZVd0JTZw?hl=zh-TW&gl=TW&ceid=TW%3Azh-Hant,Yahoo奇摩新聞
https://news.google.com/read/CBMiiwJBVV95cUxPekFoTjViN3c5cE4xUHF5S2dYU1FvZ2hkdzlZSjM1cHpWcnBWa3ZJalpTMWQ1clVNaGVWek1iTTZqbXNTUDhkbmtkd09pNWoyekNESFFtUTEyNTJqRlVJWGJaX1hnYlV2eUZZU0VwNnBLWHZoZWNpRnRFeUpGVUc3aWlDaW4zdEVSenZ1M1lraFo2RUFZajU0amxpbll1RldnNjl5ZE1qblRYTlNKZWR5X2RZOWtraHlwanpWbEh4MDNPejhzY2dQbG1vekVxRjJhbFJsVGV5THdqV2dYWnpXMy02a1lYN3R4VlpyVUFKYnFiRTlUdk5taG5hdTdhc3RKTjQ5T0ZwMFFNcFk?hl=zh-TW&gl=TW&ceid=TW%3Azh-Hant,光明日报
https://news.google.com/read/CBMixwFBVV95cUxQRzZhUFNpVE9PaGdPanY5RUdsVW1zNjFwdlNlTkotMEZGYmM5anlNZjhGNHRMUTk2M2lISkpraGNDekFPZEYwY05CSVlacEV3MGxjdmlWMTNoLVQ2ZU9tRnV2VHpyZHR6dFdoX1lFY2dSWGlmWDBseWVKVlVQalBlX0xaWmJHR1k0YU5DclZfY3U0bDFKYzZtZ0x0RDNsUk9pMmFOSDBmUWZ3SzZZanRXZmRibGN5UXhDR1lSNUlMd1JhOFYwdHpn?hl=zh-TW&gl=TW&ceid=TW%3Azh-Hant,光明日报
https://news.google.com/read/CBMizwFBVV95cUxQcndORy1INE9PblpMTFFuSmZST2N4NkRjT3ZFanVaRHhaeVpoclBLeFQtdTFrYXA4OHhzUXppSDg2R2t6YXZNTklvejhvbTVBajRYa1hJUF8zQzFNZUpwZ2pfN3A3LXhCcHhGWlFwWFJ3U1ZocHdUV0lUcXpyT003dkd1NUJZS3g4ckVFVUJkOHF2TkJOR0lyYUx0aW15MHp3N1JRSG9OaV9jc2FzU2RrTm80d1RlZDJ1cGtjYXBnMmhfWlRUZzFsVGN6WGR0QkU?hl=zh-TW&gl=TW&ceid=TW%3Azh-Hant,光明日报
https://news.google.com/read/CBMi0gFBVV95cUxOUGN0ekJTbUd3VU1jcERHXzVGYTFCZjB0VEU2Vmw1S2pfLVczdzRnTEJzWGI4WUdBdjBzcEJiQ3cxR2g2a0FKaEJuMWp3aVhzbmJTMXFQNmpNMUw2Xy1ZUVJoeURhenh1OE5zeE1UX0x4WlFoeWhzVzFDMVJyTC15OTFHaTQxeDRKZFd4YVpTUWhwZlo0LXRYWXBxdHFYOC1UeUJONmV2LVMyVHFDODlwWEtlb29WUDVuZ1I0Uk02UExJN1duTVRZNmNqTjgySDZweVE?hl=zh-TW&gl=TW&ceid=TW%3Azh-Hant,光明日报
https://news.google.com/read/CBMiogFBVV95cUxNQmZVbHV2NGxxWWhQMncxSW14T2M4MUVKMmx5Mld6MTBnMHNIOHo3ODgtVzItc3JCNHBnd1J0SzlxSEthVlNsbGlGRjBCYzVIejBpcFFIUlhtY0wtX3lLWU10S1JqWWNsd1Y4Yml1YjRHQlVUSWdINy1fNXI3Ni1jUTh3Skd4Q21wdC0xOTlPWDB0MXZhWGQ0RE01U2Z2VnNab0E?hl=zh-TW&gl=TW&ceid=TW%3Azh-Hant,光明日报
https://news.google.com/read/CBMipwJBVV95cUxNLWdEVlFhcUpFejZmU1JwYlZ6OWJLVVVmYzZEWXliYUttcnNFM0FlVEFkS1RhODh0ZVQ3N3ZQbUFmeGIwZ3lXVXRSenRQWXpMMUpzSjBhUjVPRExiODJyemgtcnI3SEt6clJtZXRpdmx5MEhjanJ1dUNZVDI2M1lyNzNWMWJhNnhEYWFBMEpURjIwM3pLY0QtWk5nemgyTW1vR1hoTTd0eUhDMHVhNl9pdzV3OHhKazhRckZPZnRTTy1rcG5NRUdWajhUcHlGN3c1bTgtcE40SF9RM2gwcjAxVXdsMUpoazlHd2ZKSGZNeTZhYVZhRWEwbkNFRFlLd2N3Z0NJSkVDb2FmMVNRMUNzbUlzV2ZSUkoySlJrcEdHWXJoMmQ2NGZJ?hl=zh-TW&gl=TW&ceid=TW%3Azh-Hant,光明日报
https://news.google.com/read/CBMilwJBVV95cUxNTkRBMlZ0ZV84WGtLZEt3TWdGbHAzMlpDR2V1b0pXV0toSTc5dnZ4dUNrbXVBdEViMlNzOVAyTmtIdlh2NHNLSWR5VU8wOFYzUTJKS1hLcHNlRUFJRktWbEFDYnFnaVJLeVNTN21WYmppdUtuN1RaVUdYR1VHYmFLVm91OVFzcVdXYWQ1SHZwRm1ybEMxUFQ4cFJsNzJVOVZXZlV1Y0VtYXRLQmM2cVNWUkprbk5Ud0k2VktRLXh2TUVtN0FqOWFtOW9hM0RTTjE3VDljSkFLV3ZmYzlsaXRlWDQ5TWltTWRGVk5zN0VETnNuOGw4dXZDWmlEREFkU1duQk9XRGk1YmxmLXdTMFB1MXJabTh0NHM?hl=zh-TW&gl=TW&ceid=TW%3Azh-Hant,光明日报
https://news.google.com/read/CBMi0gJBVV95cUxNMHlrTkNGTTY5Z1RHQjZCOWtZODRoYzROaWtkVmc5X2FrX0NiU1dDNjI0cElvX2ppSV90b0lsUkFsTnlZc1R5b1FiZEZVLUlaMG96S3NxSS00eFZrS1JNUGUwUDNfME5WdHJaWndkQ0JzNVVWMkZNRlRtSlJGZ2xWN2JmTkE4bGtkWXpNbW9aODl1STRGbUFDNlNmNEo1UWpNbHEwS2c3VFl5aEFyeHVCNmVuM3pXWF9pUHFsWWpsTnkzZUJ3MFFlQkRKWFpMOWh6RDQwYlBsdGh2Qy1jVmg3STRLSkQ3clNDNFpKWkRRMXYybFJ4SVROUU5renpGRmFES2owZVRkaU9QeG5BWlVYUWlQaTV6ZUxxUndlZEtiamo5S0Z5WHZxU3FoN0ZzUXN3YUV0Q2FDRnhvNy0xMnlWcGNXdS0zNUt1MW9wOUp4cEhzUQ?hl=zh-TW&gl=TW&ceid=TW%3Azh-Hant,Yahoo奇摩新聞
https://news.google.com/read/CBMiWkFVX3lxTE95dnk3LWdFaWtmT3MtNFFaZGE4SXdWWEVKNGtBd3h6bHBtUWxPTUpKQ1IwTkFqSnltWi1LRDhKN1VFekU5MjZGRUVETlVlU3pvWk5TMlZxNDRQZ9IBX0FVX3lxTE4zMU1rcFVucEN6aW54OW5OOGFQZEZQV01GLWVmWGpRYmpUeUU0RFBqQzZyTzFEaGhyRmd1V3lpb0puVDRhRC1tREpBdE92SWJ2UmZRVy1kVFVLaGVvU1k0?hl=zh-TW&gl=TW&ceid=TW%3Azh-Hant,經濟日報
https://news.google.com/read/CBMiXEFVX3lxTE1HYlZ5UWZsbDk5RXVnX3Y2Q1JIeks5WXU1a1EyX0JNZ2NraGpQNlM0Nk5lV1hVWTdtV0tVZGlLMHRlUGdXSm5NX1l3WTIzMEN1RkpfUEF4NHdXcmtX?hl=zh-TW&gl=TW&ceid=TW%3Azh-Hant,經濟日報
https://news.google.com/read/CBMi2gJBVV95cUxQNFhvWUlTVWdVeXA2OXZMS2ZOTndqMl83N3FqUDA0eS10eXFYTk54UXo2OEVacF9zZUVOTGt4SXB2dEdTRU0wUEhabHhRTjhGdF8wSWRna1M0djBCTVhmWmJjVkt2V2tjQW84Zkp5OHFnVTk4VXFPQU1JU1JBRmluSXIxa3ZNNkxDclNjNmU1TlBlczdZcHh2ZzFKX2ZkQmJXSFJKb0JoUFhRbUVCSDIyOWdfSm1FYXBuRTVBam1oT1RiWURURDZIcm5HRldkanFZa1BLMDJNOEJCbDBZVEswWkJJRnN2Nzh1ME8wRzlRMTRnYkFsV3ZNSkcyODktOHJydkliNUhkVU5DN0x0Y1BoSjJLNHZJbTV3RXl2eW1mTzFxZ3NNSHJVQk52dnJkQnUydFpHQWk1WWFIOUxiOVAtclJGRE9YLWVkYzJud2R4VWw5SlY3QTJKdGlB?hl=zh-TW&gl=TW&ceid=TW%3Azh-Hant,Yahoo奇摩新聞
